#,INZ,,,,,,,,,,,,,,,,,,,,
#,INZ,BS-1,ISDB-S,,,xxx[kHz](),hex,,,,,,,,,hex,hex,mpeg2/avc,hex,mpeg-audio/ac3/aac/heaac,23.97/24/25/29.97/30/47.94/48/50/59.94/60
#,INZ,[No],[input/standard],,,[Frequency],[TS-ID],,,,,,,,,[PCR-PID],[VIDEO-PID],[VIDEO-CO],[AUDIO-PID],[AUDIO-CO],[FRAMERATE]
,INZ,BS-1-151,ISDB-S,151,,1049480,0x4010,,,,,,,,,0x0120,0x0100,mpeg2,0x0110,aac,29.97
,INZ,BS-1-152,ISDB-S,152,,1049480,0x4010,,,,,,,,,0x0120,0x0100,mpeg2,0x0114,aac,29.97
,INZ,BS-1-161,ISDB-S,161,,1049480,0x4011,,,,,,,,0x00A1,0x0130,0x0111,mpeg2,0x0114,aac,29.97
,INZ,BS-1-162,ISDB-S,162,,1049480,0x4011,,,,,,,,0x00A2,0x0130,0x0111,mpeg2,0x0114,aac,29.97
,INZ,BS-1-165,ISDB-S,165,,1049480,0x4011,,,,,,,,0x00A5,0x01FF,0x0300,mpeg2,0x0310,aac,29.97
#,INZ,740,ISDB-S,,,1049480,0x4011,,,,,,,,0x02E4,0x0130,,,,,
#,INZ,,,,,,,,,,,,,,,,,,,,
#,INZ,BS-9,ISDB-S,,,xxx[kHz](),hex,,,,,,,,,hex,hex,mpeg2/avc,hex,mpeg-audio/ac3/aac/heaac,23.97/24/25/29.97/30/47.94/48/50/59.94/60
#,INZ,[No],[input/standard],,,[Frequency],[TS-ID],,,,,,,,,[PCR-PID],[VIDEO-PID],[VIDEO-CO],[AUDIO-PID],[AUDIO-CO],[FRAMERATE]
,INZ,BS-9-200,ISDB-S,200,,1202920,0x4090,,,,,,,,0x00C8,0x111,0x140,mpeg2,0x141,aac,29.97
,INZ,BS-9-211,ISDB-S,211,,1202920,0x4091,,,,,,,,,0x111,0x140,mpeg2,0x141,aac,29.97
#,INZ,,,,,,,,,,,,,,,,,,,,
#,INZ,BS-15,ISDB-S,,,xxx[kHz](),hex,,,,,,,,,hex,hex,mpeg2/avc,hex,mpeg-audio/ac3/aac/heaac,23.97/24/25/29.97/30/47.94/48/50/59.94/60
#,INZ,[No],[input/standard],,,[Frequency],[TS-ID],,,,,,,,,[PCR-PID],[VIDEO-PID],[VIDEO-CO],[AUDIO-PID],[AUDIO-CO],[FRAMERATE]
,INZ,BS-15-111,ISDB-S,111,,1318000,0x40F1,,,,,,,,,0x00FF,0x0100,mpeg2,0x0110,aac,29.97
,INZ,BS-15-113,ISDB-S,113,,1318000,0x40F2,,,,,,,,0x0071,0x0215,0x0119,mpeg2,0x0218,aac,29.97
,INZ,BS-15-114,ISDB-S,114,,1318000,0x40F2,,,,,,,,0x0072,0x0215,0x0119,mpeg2,0x0215,aac,29.97
,INZ,BS-15-115,ISDB-S,115,,1318000,0x40F2,,,,,,,,0x0073,0x0215,0x0119,mpeg2,0x0216,aac,29.97
,INZ,BS-15-116,ISDB-S,116,,1318000,0x40F2,,,,,,,,0x0074,0x0215,0x0119,mpeg2,0x0217,aac,29.97
,INZ,BS-15-117,ISDB-S,117,,1318000,0x40F2,,,,,,,,0x0075,0x0231,0x0230,mpeg2,0x0220,aac,29.97
,INZ,BS-15-170,ISDB-S,170,,1318000,0x40F2,,,,,,,,0x00AA,0x0211,0x0240,mpeg2,0x0241,aac,29.97
#,INZ,300,ISDB-S,300,,1318000,0x40F2,,,,,,,,0x012C,0x0511,,,0x0540,,29.97
,INZ,791,ISDB-S,791,,1318000,0x40F2,,,,,,,,0x0317,0x0000,0x0000,mpeg2,0x0650,aac,29.97
,INZ,792,ISDB-S,792,,1318000,0x40F2,,,,,,,,0x0318,0x0000,0x0000,mpeg2,0x0220,aac,29.97
#,INZ,,,,,,,,,,,,,,,,,,,,
#,INZ,J-14,ISDB-T,,,xxx[kHz](),,,,,,,,,,hex,hex,mpeg2/avc,hex,mpeg-audio/ac3/aac/heaac,23.97/24/25/29.97/30/47.94/48/50/59.94/60
#,INZ,[No],[input/standard],,,[Frequency],,,,,,,,,,[PCR-PID],[VIDEO-PID],[VIDEO-CO],[AUDIO-PID],[AUDIO-CO],[FRAMERATE]
,INZ,J-14-011,ISDB-T,15,1,479142,,,,,,,,,0x0400,0x0150,0x0200,mpeg2,0x0300,aac,29.97
,INZ,J-14-012,ISDB-T,15,2,479142,,,,,,,,,0x0401,0x0150,0x0201,mpeg2,0x0301,aac,29.97
#,INZ,,,,,,,,,,,,,,,,,,,,
#,INZ,J-27,ISDB-T,,,xxx[kHz](),,,,,,,,,,hex,hex,mpeg2/avc,hex,mpeg-audio/ac3/aac/heaac,23.97/24/25/29.97/30/47.94/48/50/59.94/60
#,INZ,[No],[input/standard],,,[Frequency],,,,,,,,,,[PCR-PID],[VIDEO-PID],[VIDEO-CO],[AUDIO-PID],[AUDIO-CO],[FRAMERATE]
,INZ,J-27-071,ISDB-T,28,1,557142,,,,,,,,,0x0418,0x0150,0x0200,mpeg2,0x0300,aac,29.97
#,INZ,,,,,,,,,,,,,,,,,,,,
#,INZ,J-49,ISDB-T,,,xxx[kHz](),,,,,,,,,,hex,hex,mpeg2/avc,hex,mpeg-audio/ac3/aac/heaac,23.97/24/25/29.97/30/47.94/48/50/59.94/60
#,INZ,[No],[input/standard],,,[Frequency],,,,,,,,,,[PCR-PID],[VIDEO-PID],[VIDEO-CO],[AUDIO-PID],[AUDIO-CO],[FRAMERATE]
,INZ,J-49-031,ISDB-T,50,1,689142,,,,,,,,,0x5408,0x0150,0x0200,mpeg2,0x0300,aac,29.97
,INZ,J-49-032,ISDB-T,50,2,689142,,,,,,,,,0x5409,0x0150,0x0201,mpeg2,0x0301,aac,29.97
,INZ,J-49-033,ISDB-T,50,3,689142,,,,,,,,,0x540A,0x0150,0x0201,mpeg2,0x0301,aac,29.97
,INZ,FSJ-49-033,ISDB-T,50,4,689142,,,,,,,,,,0x0150,0x0202,mpeg2,0x0302,aac,29.97
#,INZ,,,,,,,,,,,,,,,,,,,,
#,INZ,US-30,ATSC,,,xxx[kHz](),8vsb|64qam|256qam,,,,,,,,,hex,hex,mpeg2/avc,hex,mpeg-audio/ac3/aac/heaac,23.97/24/25/29.97/30/47.94/48/50/59.94/60
#,INZ,[No],[input/standard],,,[Frequency],[Modulation],,,,,,,,,[PCR-PID],[VIDEO-PID],[VIDEO-CO],[AUDIO-PID],[AUDIO-CO],[FRAMERATE]
,INZ,US-30-30.3,ATSC,30,3,569142,8VSB,,,,,,,,0x0003,0x0031,0x0031,mpeg2,0x0034,ac3,29.97
,INZ,FSUS-30.3,ATSC,30,3,569000,8VSB,,,,,,,,,0x0031,0x0031,mpeg2,0x0034,ac3,29.97
#,INZ,,,,,,,,,,,,,,,,,,,,
#,INZ,US-61,ATSC,,,xxx[kHz](),8vsb|64qam|256qam,,,,,,,,,hex,hex,mpeg2/avc,hex,mpeg-audio/ac3/aac/heaac,23.97/24/25/29.97/30/47.94/48/50/59.94/60
#,INZ,[No],[input/standard],,,[Frequency],[Modulation],,,,,,,,,[PCR-PID],[VIDEO-PID],[VIDEO-CO],[AUDIO-PID],[AUDIO-CO],[FRAMERATE]
,INZ,US-61-35.1,ATSC,61,1,755142,8VSB,,,,,,,,0x0001,0x0011,0x0011,mpeg2,0x0014,ac3,29.97
,INZ,US-61-35.2,ATSC,61,2,755142,8VSB,,,,,,,,0x0002,0x0021,0x0021,mpeg2,0x0024,ac3,29.97
,INZ,US-61-35.3,ATSC,61,3,755142,8VSB,,,,,,,,0x0003,0x0031,0x0031,mpeg2,0x0034,ac3,29.97
,INZ,FSUS-35.1,ATSC,61,1,755000,8VSB,,,,,,,,,0x0011,0x0011,mpeg2,0x0014,ac3,29.97
,INZ,FSUS-35.2,ATSC,61,2,755000,8VSB,,,,,,,,,0x0021,0x0021,mpeg2,0x0024,ac3,29.97
,INZ,FSUS-35.3,ATSC,61,3,755000,8VSB,,,,,,,,,0x0131,0x0031,mpeg2,0x0034,ac3,29.97
#,INZ,,,,,,,,,,,,,,,,,,,,
#,INZ,US-66C,ATSC,,,xxx[kHz](),8vsb|64qam|256qam,,,,,,,,,hex,hex,mpeg2/avc,hex,mpeg-audio/ac3/aac/heaac,23.97/24/25/29.97/30/47.94/48/50/59.94/60
#,INZ,[No],[input/standard],,,[Frequency],[Modulation],,,,,,,,,[PCR-PID],[VIDEO-PID],[VIDEO-CO],[AUDIO-PID],[AUDIO-CO],[FRAMERATE]
,INZ,FSUS-999.1,ATSC,66,1,477000,256qam,,,,,,,,0x0001,0x0011,0x0011,mpeg2,0x0014,mpeg-audio,29.97
#,INZ,,,,,,,,,,,,,,,,,,,,
#,INZ,US-68C,ATSC,,,xxx[kHz](),8vsb|64qam|256qam,,,,,,,,,hex,hex,mpeg2/avc,hex,mpeg-audio/ac3/aac/heaac,23.97/24/25/29.97/30/47.94/48/50/59.94/60
#,INZ,[No],[input/standard],,,[Frequency],[Modulation],,,,,,,,,[PCR-PID],[VIDEO-PID],[VIDEO-CO],[AUDIO-PID],[AUDIO-CO],[FRAMERATE]
,INZ,FSUS-68.1,ATSC,68,1,489000,256qam,,,,,,,,0x0001,0x0011,0x0011,mpeg2,0x0014,ac3,29.97
,INZ,FSUS-68.2,ATSC,68,2,489000,256qam,,,,,,,,0x0002,0x0021,0x0021,mpeg2,0x0024,ac3,29.97
,INZ,FSUS-68.7,ATSC,68,7,489000,256qam,,,,,,,,0x0007,0x0071,0x0071,mpeg2,0x0074,ac3,29.97
,INZ,FSUS-68.8,ATSC,68,8,489000,256qam,,,,,,,,0x0008,0x0081,0x0081,mpeg2,0x0084,ac3,29.97
,INZ,FSUS-68.15,ATSC,68,15,489000,256qam,,,,,,,,0x000F,0x00f1,0x00f1,mpeg2,0x00f4,ac3,29.97
#,INZ,,,,,,,,,,,,,,,,,,,,
#,INZ,E-52,DVB-T,,,xxx[kHz](),8/7/6[MHz},,,,,,on/off,,,hex,hex,mpeg2/avc,hex,mpeg-audio/ac3/aac/heaac,23.97/24/25/29.97/30/47.94/48/50/59.94/60
#,INZ,[No],[input/standard],,,[Frequency],[Bandwidth],,,,,,[LNA],,,[PCR-PID],[VIDEO-PID],[VIDEO-CO],[AUDIO-PID],[AUDIO-CO],[FRAMERATE]
,INZ,E-52-800,DVB-T,800,,722000,8,,,,,,on,,0x1451,0x0065,0x0065,mpeg2,0x0066,mpeg-audio,25
,INZ,E-52-801,DVB-T,801,,722000,8,,,,,,on,,0x1452,0x00C9,0x00C9,avc,0x00CA,mpeg-audio,25
,INZ,E-52-802,DVB-T,802,,722000,8,,,,,,on,,0x1453,0x012D,0x012D,avc,0x012E,mpeg-audio,25
,INZ,E-52-803,DVB-T,803,,722000,8,,,,,,on,,0x1454,0x0191,0x0191,avc,0x0192,mpeg-audio,25
#,INZ,,,,,,,,,,,,,,,,,,,,
#,INZ,E-68,DVB-T,,,xxx[kHz](),8/7/6[MHz},,,,,,on/off,,,hex,hex,mpeg2/avc,hex,mpeg-audio/ac3/aac/heaac,23.97/24/25/29.97/30/47.94/48/50/59.94/60
#,INZ,[No],[input/standard],,,[Frequency],[Bandwidth],,,,,,[LNA],,,[PCR-PID],[VIDEO-PID],[VIDEO-CO],[AUDIO-PID],[AUDIO-CO],[FRAMERATE]
,INZ,E-68-005,DVB-T,5,,850000,8,,,,,,on,,0x3242,0x1781,0x1781,mpeg2,0x1782,mpeg-audio,25
,INZ,E-68-015,DVB-T,15,,850000,8,,,,,,on,,0x3780,0x18F1,0x18F1,mpeg2,0x18F2,mpeg-audio,25
,INZ,E-68-016,DVB-T,16,,850000,8,,,,,,on,,0x3340,0x17A1,0x17A1,mpeg2,0x17A2,mpeg-audio,25
#,INZ,17,DVB-T,17,,850000,8,,,,,,on,,0x3CC0,0x1961,,,,,25
,INZ,E-68-023,DVB-T,23,,850000,8,,,,,,on,,0x37C0,0x1881,0x1881,mpeg2,0x1882,mpeg-audio,25
,INZ,E-68-024,DVB-T,24,,850000,8,,,,,,on,,0x3D00,0x1971,0x1971,mpeg2,0x1972,mpeg-audio,25
#,INZ,25,DVB-T,25,,850000,8,,,,,,on,,0X3A00,0x18E1,,,,,25
#,INZ,26,DVB-T,26,,850000,8,,,,,,on,,0x3A80,0x1911,,,,,25
#,INZ,27,DVB-T,27,,850000,8,,,,,,on,,0x3B40,0x1931,,,,,25
,INZ,E-68-028,DVB-T,28,,850000,8,,,,,,on,,0x3B00,0x1921,0x1921,mpeg2,0x1922,mpeg-audio,25
,INZ,E-68-029,DVB-T,29,,850000,8,,,,,,on,,0x3E40,0x19C1,0x19C1,mpeg2,0x19C2,mpeg-audio,25
#,INZ,33,DVB-T,33,,850000,8,,,,,,on,,0x3E80,0x19D1,,,,,25
#,INZ,36,DVB-T,36,,850000,8,,,,,,on,,0x3D40,0x0B00,,,,,25
,INZ,E-68-072,DVB-T,72,,850000,8,,,,,,on,,0x3AC0,0x1901,0x1901,mpeg2,0x1902,mpeg-audio,25
,INZ,E-68-073,DVB-T,73,,850000,8,,,,,,on,,0x3C80,0x1951,0x1951,mpeg2,0x1952,mpeg-audio,25
#,INZ,74,DVB-T,74,,850000,8,,,,,,on,,0x3EC0,0x19E1,,,,,25
#,INZ,84,DVB-T,84,,850000,8,,,,,,on,,0x3EC0,0x19B1,,,0x19C0,,25
#,INZ,88,DVB-T,88,,850000,8,,,,,,on,,0x3DC0,0x19A1,,,,,25
#,INZ,97,DVB-T,97,,850000,8,,,,,,on,,0x3B80,0x1941,,,,,25
#,INZ,98,DVB-T,98,,850000,8,,,,,,on,,,0x0B00,,,,,25
,INZ,E-68-101,DVB-T,101,,850000,8,,,,,,on,,0x39C0,0x18D2,0x0000,mpeg2,0x18D2,mpeg-audio,25
,INZ,E-68-700,DVB-T,700,,850000,8,,,,,,on,,0x3800,0x1842,0x0000,mpeg2,0x1842,mpeg-audio,25
,INZ,E-68-702,DVB-T,702,,850000,8,,,,,,on,,0x3840,0x1852,0x0000,mpeg2,0x1852,mpeg-audio,25
,INZ,E-68-703,DVB-T,703,,850000,8,,,,,,on,,0x3880,0x1862,0x0000,mpeg2,0x1862,mpeg-audio,25
,INZ,E-68-704,DVB-T,704,,850000,8,,,,,,on,,0x38C0,0x1872,0x0000,mpeg2,0x1872,mpeg-audio,25
,INZ,E-68-714,DVB-T,714,,850000,8,,,,,,on,,0x3900,0x18A2,0x0000,mpeg2,0x18A2,mpeg-audio,25
,INZ,E-68-721,DVB-T,721,,850000,8,,,,,,on,,0x3940,0x18B2,0x0000,mpeg2,0x18B2,mpeg-audio,25
#,INZ,,,,,,,,,,,,,,,,,,,,
#,INZ,AU-11,DVB-T,,,xxx[kHz](),8/7/6[MHz},,,,,,on/off,,,hex,hex,mpeg2/avc,hex,mpeg-audio/ac3/aac/heaac,23.97/24/25/29.97/30/47.94/48/50/59.94/60
#,INZ,[No],[input/standard],,,[Frequency],[Bandwidth],,,,,,[LNA],,,[PCR-PID],[VIDEO-PID],[VIDEO-CO],[AUDIO-PID],[AUDIO-CO],[FRAMERATE]
,INZ,AU-11-091,DVB-T,91,,219500,7,,,,,,on,,0x0001,0x0080,0x0210,mpeg2,0x0211,ac3,25
,INZ,AU-11-093,DVB-T,93,,219500,7,,,,,,on,,0x0002,0x0080,0x0220,mpeg2,0x0221,mpeg-audio,25
,INZ,AU-11-094,DVB-T,94,,219500,7,,,,,,on,,0x0003,0x0080,0x0220,mpeg2,0x0221,mpeg-audio,25
,INZ,AU-11-095,DVB-T,95,,219500,7,,,,,,on,,0x0004,0x0080,0x0220,mpeg2,0x0221,mpeg-audio,25
,INZ,AU-11-096,DVB-T,96,,219500,7,,,,,,on,,0x0005,0x0080,0x0220,mpeg2,0x0221,mpeg-audio,25
,INZ,AU-11-097,DVB-T,97,,219500,7,,,,,,on,,0x0006,0x0080,0x0220,mpeg2,0x0221,mpeg-audio,25
,INZ,AU-11-098,DVB-T,98,,219500,7,,,,,,on,,0x0007,0x0080,0x0220,mpeg2,0x0221,mpeg-audio,25
,INZ,AU-11-099,DVB-T,99,,219500,7,,,,,,on,,0x0008,0x0080,0x0220,mpeg2,0x0221,mpeg-audio,25
#,INZ,,,,,,,,,,,,,,,,,,,,
#,INZ,US-40,DVB-T,,,xxx[kHz](),8/7/6[MHz},,,,,,on/off,,,hex,hex,mpeg2/avc,hex,mpeg-audio/ac3/aac/heaac,23.97/24/25/29.97/30/47.94/48/50/59.94/60
#,INZ,[No],[input/standard],,,[Frequency],[Bandwidth],,,,,,[LNA],,,[PCR-PID],[VIDEO-PID],[VIDEO-CO],[AUDIO-PID],[AUDIO-CO],[FRAMERATE]
,INZ,US-40-201,DVB-T,201,,629000,6,,,,,,on,,0x00C9,0x07DB,0x07DB,mpeg2,0x07DC,mpeg-audio,29.97
,INZ,US-40-202,DVB-T,202,,629000,6,,,,,,on,,0x00CA,0x07E5,0x07E5,mpeg2,0x07E6,mpeg-audio,29.97
#,INZ,204,DVB-T,204,,629000,6,,,,,,on,,0x00CC,,,,,,
#,INZ,205,DVB-T,205,,629000,6,,,,,,on,,0x00CD,,,,,,
#,INZ,,,,,,,,,,,,,,,,,,,,
#,INZ,US-51,DVB-T,,,xxx[kHz](),8/7/6[MHz},,,,,,on/off,,,hex,hex,mpeg2/avc,hex,mpeg-audio/ac3/aac/heaac,23.97/24/25/29.97/30/47.94/48/50/59.94/60
#,INZ,[No],[input/standard],,,[Frequency],[Bandwidth],,,,,,[LNA],,,[PCR-PID],[VIDEO-PID],[VIDEO-CO],[AUDIO-PID],[AUDIO-CO],[FRAMERATE]
,INZ,US-51-400,DVB-T,400,,695000,6,,,,,,on,,0x0190,0x0FA1,0x0FA2,mpeg2,0x0FA3,mpeg-audio,29.97
,INZ,US-51-401,DVB-T,401,,695000,6,,,,,,on,,0x0191,0x0FB1,0x0FAB,mpeg2,0x0FAC,mpeg-audio,29.97
,INZ,US-51-404,DVB-T,404,,695000,6,,,,,,on,,0x0194,0x0FA1,0x0000,mpeg2,0x0FCA,mpeg-audio,29.97
#,INZ,,,,,,,,,,,,,,,,,,,,
#,INZ,US-65,DVB-T,,,xxx[kHz](),8/7/6[MHz},,,,,,on/off,,,hex,hex,mpeg2/avc,hex,mpeg-audio/ac3/aac/heaac,23.97/24/25/29.97/30/47.94/48/50/59.94/60
#,INZ,[No],[input/standard],,,[Frequency],[Bandwidth],,,,,,[LNA],,,[PCR-PID],[VIDEO-PID],[VIDEO-CO],[AUDIO-PID],[AUDIO-CO],[FRAMERATE]
,INZ,US-65-200,DVB-T,200,,779000,6,,,,,,on,,0x00C8,0x07D1,0x07D1,avc,0x07D2,heaac,29.97
#,INZ,,,,,,,,,,,,,,,,,,,,
#,INZ,C-17,DTMB,,,xxx[kHz](),single/multi,constant/various,pn420/pn595/pn945,4qam/4qamnr/16qam/32qam/64qam,0.4/0.6/0.8,240/720,on/off,,,hex,hex,mpeg2/avc,hex,mpeg-audio/ac3/aac/heaac,23.97/24/25/29.97/30/47.94/48/50/59.94/60
#,INZ,[No],[input/standard],,,[Frequency],[Carrier],[PnSequence],[GuardInterfal],[Modulation],[CodeRate],[TimeInterleaver],[LNA],,,[PCR-PID],[VIDEO-PID],[VIDEO-CO],[AUDIO-PID],[AUDIO-CO],[FRAMERATE]
,INZ,C-17-801,DTMB,801,,506000,single,constant,pn595,16qam,0.8,720,on,,0x0321,0x0201,0x0201,mpeg2,0x0294,ac3,25
#,INZ,,,,,,,,,,,,,,,,,,,,
#,INZ,C-53,DTMB,,,xxx[kHz](),single/multi,constant/various,pn420/pn595/pn945,4qam/4qamnr/16qam/32qam/64qam,0.4/0.6/0.8,240/720,on/off,,,hex,hex,mpeg2/avc,hex,mpeg-audio/ac3/aac/heaac,23.97/24/25/29.97/30/47.94/48/50/59.94/60
#,INZ,[No],[input/standard],,,[Frequency],[Carrier],[PnSequence],[GuardInterfal],[Modulation],[CodeRate],[TimeInterleaver],[LNA],,,[PCR-PID],[VIDEO-PID],[VIDEO-CO],[AUDIO-PID],[AUDIO-CO],[FRAMERATE]
,INZ,C-53-601,DTMB,601,,834000,multi,various,pn420,16qam,0.8,720,on,,0x0259,0x0080,0x0200,mpeg2,0x028A,mpeg-audio,25
,INZ,C-53-602,DTMB,602,,834000,multi,various,pn420,16qam,0.8,720,on,,0x025A,0x0081,0x0201,mpeg2,0x0294,mpeg-audio,25
,INZ,C-53-603,DTMB,603,,834000,multi,various,pn420,16qam,0.8,720,on,,0x025B,0x0082,0x0202,mpeg2,0x029E,mpeg-audio,25
,INZ,C-53-604,DTMB,604,,834000,multi,various,pn420,16qam,0.8,720,on,,0x025C,0x0083,0x0203,mpeg2,0x02A8,mpeg-audio,25
,INZ,C-53-605,DTMB,605,,834000,multi,various,pn420,16qam,0.8,720,on,,0x025D,0x0084,0x0204,mpeg2,0x02B2,mpeg-audio,25
,INZ,C-53-606,DTMB,606,,834000,multi,various,pn420,16qam,0.8,720,on,,0x025E,0x0085,0x0205,mpeg2,0x02BC,mpeg-audio,25
#,INZ,,,,,,,,,,,,,,,,,,,,
#,INZ,HKG-37,DTMB,,,xxx[kHz](),single/multi,constant/various,pn420/pn595/pn945,4qam/4qamnr/16qam/32qam/64qam,0.4/0.6/0.8,240/720,on/off,,,hex,hex,mpeg2/avc,hex,mpeg-audio/ac3/aac/heaac,23.97/24/25/29.97/30/47.94/48/50/59.94/60
#,INZ,[No],[input/standard],,,[Frequency],[Carrier],[PnSequence],[GuardInterfal],[Modulation],[CodeRate],[TimeInterleaver],[LNA],,,[PCR-PID],[VIDEO-PID],[VIDEO-CO],[AUDIO-PID],[AUDIO-CO],[FRAMERATE]
,INZ,HKG-37-082,DTMB,82,,602000,multi,various,pn420,16qam,0.8,720,on,,0x0052,0x0335,0x0335,avc,0x0336,ac3,25
,INZ,HKG-37-083,DTMB,83,,602000,multi,various,pn420,16qam,0.8,720,on,,0x0053,0x033E,0x0340,mpeg2,0x0341,ac3,25
,INZ,FSHKG-083,DTMB,84,,602000,multi,various,pn420,16qam,0.8,720,on,,,0x033F,0x0340,mpeg2,0x0341,ac3,25
,INZ,HKG-37-085,DTMB,85,,602000,multi,various,pn420,16qam,0.8,720,on,,0x0055,0x0353,0x0353,avc,0x0354,ac3,25
#,INZ,,,,,,,,,,,,,,,,,,,,
#,INZ,,analog-terr,,,xxx[kHz](),,,,,,,on/off,,,ntsc/pal/secam,23.97/24/25/29.97/30/47.94/48/50/59.94/60,,,,
#,INZ,[No],[input/standard],,,[Frequency],[vsystem],[asystem],,,,,[LNA],,,[format],[FRAMERATE],,,,
,INZ,US-2,analog-terr,2,,55250,M,BTSC,,,,,off,,,NTSC,29.97,,,,
,INZ,US-4,analog-terr,4,,67250,M,BTSC,,,,,off,,,NTSC,29.97,,,,
,INZ,US-6,analog-terr,6,,83250,M,BTSC,,,,,off,,,NTSC,29.97,,,,
,INZ,JA-2,analog-terr,3,,97250,M,BTSC,,,,,off,,,NTSC,29.97,,,,
,INZ,JA-4,analog-terr,5,,171250,M,BTSC,,,,,off,,,NTSC,29.97,,,,
,INZ,JA-6,analog-terr,8,,183250,M,BTSC,,,,,off,,,NTSC,29.97,,,,
,INZ,JA-8,analog-terr,10,,193250,M,BTSC,,,,,off,,,NTSC,29.97,,,,
,INZ,JA-10,analog-terr,12,,205250,M,BTSC,,,,,off,,,NTSC,29.97,,,,
,INZ,JA-12,analog-terr,23,,217250,M,BTSC,,,,,off,,,NTSC,29.97,,,,
#,INZ,,,,,,,,,,,,,,,,,,,,
#,INZ,,analog-terr,,,xxx[kHz](),,,,,,,on/off,,,ntsc/pal/secam,23.97/24/25/29.97/30/47.94/48/50/59.94/60,,,,
#,INZ,[No],[input/standard],,,[Frequency],[vsystem],[asystem],,,,,[LNA],,,[format],[FRAMERATE],,,,
,INZ,JA-15,analog-terr,16,,483250,M,BTSC,,,,,off,,,NTSC,29.97,,,,
,INZ,JA-17,analog-terr,18,,495250,M,BTSC,,,,,off,,,NTSC,29.97,,,,
,INZ,JA-62,analog-terr,63,,765250,M,BTSC,,,,,off,,,NTSC,29.97,,,,
,INZ,US-69,analog-terr,69,,801250,M,BTSC,,,,,off,,,NTSC,29.97,,,,
#,INZ,,,,,,,,,,,,,,,,,,,,
#,INZ,,analog-terr,,,xxx[kHz](),,,,,,,on/off,,,ntsc/pal/secam,23.97/24/25/29.97/30/47.94/48/50/59.94/60,,,,
#,INZ,[No],[input/standard],,,[Frequency],[vsystem],[asystem],,,,,[LNA],,,[format],[FRAMERATE],,,,
,INZ,R-1,analog-terr,1,,49750,D,UNKNOWN,,,,,off,,,PAL,25,,,,
,INZ,E-4,analog-terr,4,,62250,B,UNKNOWN,,,,,off,,,SECAM,25,,,,
,INZ,C-10,analog-terr,10,,200250,D,UNKNOWN,,,,,off,,,PAL,25,,,,
,INZ,E-12,analog-terr,12,,224250,B,UNKNOWN,,,,,off,,,PAL,25,,,,
,INZ,E-22,analog-terr,22,,479250,K,UNKNOWN,,,,,off,,,SECAM,25,,,,
,INZ,E-24,analog-terr,24,,495250,I,UNKNOWN,,,,,off,,,PAL,25,,,,
,INZ,E-27,analog-terr,27,,519250,I,UNKNOWN,,,,,off,,,PAL,25,,,,
,INZ,E-42,analog-terr,42,,639250,G,UNKNOWN,,,,,off,,,PAL,25,,,,
,INZ,E-45,analog-terr,45,,663250,G,UNKNOWN,,,,,off,,,PAL,25,,,,
,INZ,E-48,analog-terr,48,,687250,G,UNKNOWN,,,,,off,,,SECAM,25,,,,
,INZ,E-51,analog-terr,51,,711250,I,UNKNOWN,,,,,off,,,PAL,25,,,,
,INZ,E-54,analog-terr,54,,735250,G,UNKNOWN,,,,,off,,,PAL,25,,,,
,INZ,E-64,analog-terr,64,,815250,G,UNKNOWN,,,,,off,,,PAL,25,,,,
,INZ,E-67,analog-terr,67,,839250,I,UNKNOWN,,,,,off,,,NTSC-443,25,,,,
#,INZ,,,,,,,,,,,,,,,,,,,,
#,INZ,DVB-T2,DVB-T2,,,xxx[kHz](),8/7/6[MHz},qpsk/16qam/64qam/256qam/bpsk,hex(1byte),,,,on/off,,,hex,hex,mpeg2/avc,hex,mpeg-audio/ac3/aac/heaac,23.97/24/25/29.97/30/47.94/48/50/59.94/60
#,INZ,[No],[input/standard],,,[Frequency],[Bandwidth],[Modulation],[plpid],,,,[LNA],,,[PCRPID],[VIDEOPID],[VIDEOCO],[AUDIOPID],[AUDIOCO],[FRAMERATE]
,INZ,DVB-T2-101,DVB-T2,101,,626000,8,256qam,0x00,,,,on,,,0x00A4,0x00A1,avc,0x0000,aac,25
,INZ,DVB-T2-102,DVB-T2,102,,626000,8,256qam,0x00,,,,on,,,0x00B8,0x00B5,avc,0x00B6,mpeg-audio,25
,INZ,DVB-T2-103,DVB-T2,103,,626000,8,256qam,0x00,,,,on,,,0x00CB,0x00C9,avc,0x00CA,aac,25
#,INZ,,,,,,,,,,,,,,,,,,,,
#,INZ,DVB-T2,DVB-T2,,,xxx[kHz](),8/7/6[MHz},qpsk/16qam/64qam/256qam/bpsk,hex(1byte),,,,on/off,,,hex,hex,mpeg2/avc,hex,mpeg-audio/ac3/aac/heaac,23.97/24/25/29.97/30/47.94/48/50/59.94/60
#,INZ,[No],[input/standard],,,[Frequency],[Bandwidth],[Modulation],[plpid],,,,[LNA],,,[PCRPID],[VIDEOPID],[VIDEOCO],[AUDIOPID],[AUDIOCO],[FRAMERATE]
,INZ,FSDVB-T2-1,DVB-T2,1,,626000,8,256qam,0x00,,,,on,,,0x00A4,0x00A1,avc,0x00A3,ac3,25
,INZ,FSDVB-T2-2,DVB-T2,2,,626000,8,256qam,0x00,,,,on,,,0x00B8,0x00B5,avc,0x00B7,ac3,25
,INZ,FSDVB-T2-3,DVB-T2,3,,626000,8,256qam,0x00,,,,on,,,0x00CB,0x00C9,avc,0x00CA,heaac,25
#,INZ,,,,,,,,,,,,,,,,,,,,
#,INZ,DVB-T2,DVB-T2,,,xxx[kHz](),8/7/6[MHz},qpsk/16qam/64qam/256qam/bpsk,hex(1byte),,,,on/off,,,hex,hex,mpeg2/avc,hex,mpeg-audio/ac3/aac/heaac,23.97/24/25/29.97/30/47.94/48/50/59.94/60
#,INZ,[No],[input/standard],,,[Frequency],[Bandwidth],[Modulation],[plpid],,,,[LNA],,,[PCRPID],[VIDEOPID],[VIDEOCO],[AUDIOPID],[AUDIOCO],[FRAMERATE]
,INZ,FSDVB-T2-4,DVB-T2,4,,851000,6,16qam,0x00,,,,on,,,0x00A4,0x00A1,avc,0x00A3,ac3,25
,INZ,FSDVB-T2-5,DVB-T2,5,,851000,6,16qam,0x00,,,,on,,,0x00B8,0x00B5,avc,0x00B7,ac3,25
,INZ,FSDVB-T2-6,DVB-T2,6,,851000,6,16qam,0x00,,,,on,,,0x00CB,0x00C9,avc,0x00CA,heaac,25
#,INZ,,,,,,,,,,,,,,,,,,,,
#,INZ,DVB-T2,DVB-T2,,,xxx[kHz](),8/7/6[MHz},qpsk/16qam/64qam/256qam/bpsk,hex(1byte),,,,on/off,,,hex,hex,mpeg2/avc,hex,mpeg-audio/ac3/aac/heaac,23.97/24/25/29.97/30/47.94/48/50/59.94/60
#,INZ,[No],[input/standard],,,[Frequency],[Bandwidth],[Modulation],[plpid],,,,[LNA],,,[PCRPID],[VIDEOPID],[VIDEOCO],[AUDIOPID],[AUDIOCO],[FRAMERATE]
,INZ,DVB-T2-800,DVB-T2,800,,858000,8,256qam,0x00,,,,on,,0x0001,0x0101,0x0100,mpeg2,0x0110,mpeg-audio,25
,INZ,DVB-T2-801,DVB-T2,801,,858000,8,256qam,0x00,,,,on,,0x0002,0x0101,0x0200,mpeg2,0x0210,mpeg-audio,25
,INZ,DVB-T2-802,DVB-T2,802,,858000,8,256qam,0x00,,,,on,,0x0003,0x0101,0x0300,mpeg2,0x0310,mpeg-audio,25
,INZ,DVB-T2-803,DVB-T2,803,,858000,8,256qam,0x00,,,,on,,0x0004,0x0101,0x0400,mpeg2,0x0410,mpeg-audio,25
,INZ,DVB-T2-804,DVB-T2,804,,858000,8,256qam,0x00,,,,on,,0x0005,0x0101,0x0500,mpeg2,0x0510,mpeg-audio,25
,INZ,DVB-T2-805,DVB-T2,805,,858000,8,256qam,0x00,,,,on,,0x0006,0x0101,0x0600,mpeg2,0x0610,mpeg-audio,25
#,INZ,,,,,,,,,,,,,,,,,,,,
#,INZ,DVB-T2,DVB-T2,,,xxx[kHz](),8/7/6[MHz},qpsk/16qam/64qam/256qam/bpsk,hex(1byte),,,,on/off,,,hex,hex,mpeg2/avc,hex,mpeg-audio/ac3/aac/heaac,23.97/24/25/29.97/30/47.94/48/50/59.94/60
#,INZ,[No],[input/standard],,,[Frequency],[Bandwidth],[Modulation],[plpid],,,,[LNA],,,[PCRPID],[VIDEOPID],[VIDEOCO],[AUDIOPID],[AUDIOCO],[FRAMERATE]
,INZ,DVB-T2-806,DVB-T2,806,,802000,6,16qam,0x00,,,,on,,,0x0101,0x0100,mpeg2,0x0110,mpeg-audio,25
,INZ,DVB-T2-807,DVB-T2,807,,802000,6,16qam,0x00,,,,on,,,0x0101,0x0200,mpeg2,0x0210,mpeg-audio,25
,INZ,DVB-T2-808,DVB-T2,808,,802000,6,16qam,0x00,,,,on,,,0x0101,0x0300,mpeg2,0x0310,mpeg-audio,25
,INZ,DVB-T2-809,DVB-T2,809,,802000,6,16qam,0x00,,,,on,,,0x0101,0x0400,mpeg2,0x0410,mpeg-audio,25
,INZ,DVB-T2-810,DVB-T2,810,,802000,6,16qam,0x00,,,,on,,,0x0101,0x0500,mpeg2,0x0510,mpeg-audio,25
,INZ,DVB-T2-811,DVB-T2,811,,802000,6,16qam,0x00,,,,on,,,0x0101,0x0600,mpeg2,0x0610,mpeg-audio,25
#,INZ,,,,,,,,,,,,,,,,,,,,
#,INZ,DVB-S2,DVB-S2,,,xxx[kHz](),xxx[sym/sec],,,,,,,,,hex,hex,mpeg2/avc,hex,mpeg-audio/ac3/aac/heaac,23.97/24/25/29.97/30/47.94/48/50/59.94/60
#,INZ,[No],[input/standard],,,[Frequency],[SymbolRate],,,,,,,,,[PCRPID],[VIDEOPID],[VIDEOCO],[AUDIOPID],[AUDIOCO],[FRAMERATE]
,INZ,DVB-S2-101,DVB-S2,101,,12168000,22000080,,,,,,,,,0x00FF,0x00FF,avc,0x0782,mpeg-audio,25
,INZ,DVB-S2-102,DVB-S2,102,,12168000,22000080,,,,,,,,,0x01FF,0x01FF,avc,0x0203,ac3,25
,INZ,DVB-S2-103,DVB-S2,103,,12168000,22000080,,,,,,,,,0x0780,0x0780,avc,0x0781,mpeg-audio,25
,INZ,DVB-S2-104,DVB-S2,104,,12168000,22000080,,,,,,,,,0x0780,0x0780,avc,0x0782,mpeg-audio,25
,INZ,FSDVB-S2-1,DVB-S2,101,,12168000,22000080,,,,,,,,,0x00FF,0x00FF,avc,0x0103,ac3,25
,INZ,FSDVB-S2-3,DVB-S2,103,,12168000,22000080,,,,,,,,,0x0780,0x0780,avc,0x0782,mpeg-audio,25
#,INZ,,,,,,,,,,,,,,,,,,,,
#,INZ,DVB-S2,DVB-S2,,,xxx[kHz](),xxx[sym/sec],,,,,,,,,hex,hex,mpeg2/avc,hex,mpeg-audio/ac3/aac/heaac,23.97/24/25/29.97/30/47.94/48/50/59.94/60
#,INZ,[No],[input/standard],,,[Frequency],[SymbolRate],,,,,,,,,[PCRPID],[VIDEOPID],[VIDEOCO],[AUDIOPID],[AUDIOCO],[FRAMERATE]
,INZ,DVB-S2-800,DVB-S2,800,,12750000,22000080,,,,,,,,0x0001,0x0101,0x0100,mpeg2,0x0110,mpeg-audio,25
,INZ,DVB-S2-801,DVB-S2,801,,12750000,22000080,,,,,,,,0x0002,0x0101,0x0200,mpeg2,0x0210,mpeg-audio,25
,INZ,DVB-S2-802,DVB-S2,802,,12750000,22000080,,,,,,,,0x0003,0x0101,0x0300,mpeg2,0x0310,mpeg-audio,25
,INZ,DVB-S2-803,DVB-S2,803,,12750000,22000080,,,,,,,,0x0004,0x0101,0x0400,mpeg2,0x0410,mpeg-audio,25
,INZ,DVB-S2-804,DVB-S2,804,,12750000,22000080,,,,,,,,0x0005,0x0101,0x0500,mpeg2,0x0510,mpeg-audio,25
,INZ,DVB-S2-805,DVB-S2,805,,12750000,22000080,,,,,,,,0x0006,0x0101,0x0600,mpeg2,0x0610,mpeg-audio,25
#,SEMS,,,,,,,,,,,,,,,,,,,,
#,SEMS,BS-1,ISDB-S,,,xxx[kHz](),hex,,,,,,,,,hex,hex,mpeg2/avc,hex,mpeg-audio/ac3/aac/heaac,23.97/24/25/29.97/30/47.94/48/50/59.94/60
#,SEMS,[No],[input/standard],,,[Frequency],[TS-ID],,,,,,,,,[PCR-PID],[VIDEO-PID],[VIDEO-CO],[AUDIO-PID],[AUDIO-CO],[FRAMERATE]
,SEMS,BS-1-151,ISDB-S,151,,1049480,0x4010,,,,,,,,,0x0120,0x0100,mpeg2,0x0110,aac,29.97
,SEMS,BS-1-152,ISDB-S,152,,1049480,0x4010,,,,,,,,,0x0120,0x0100,mpeg2,0x0114,aac,29.97
,SEMS,BS-1-161,ISDB-S,161,,1049480,0x4011,,,,,,,,,0x0130,0x0111,mpeg2,0x0114,aac,29.97
,SEMS,BS-1-162,ISDB-S,162,,1049480,0x4011,,,,,,,,,0x0130,0x0111,mpeg2,0x0114,aac,29.97
,SEMS,BS-1-165,ISDB-S,165,,1049480,0x4011,,,,,,,,,0x01FF,0x0300,mpeg2,0x0310,aac,29.97
#,SEMS,740,ISDB-S,740,,1049480,0x4011,,,,,,,,,0x0130,0x0711,,,,
#,SEMS,,,,,,,,,,,,,,,,,,,,
#,SEMS,BS-15,ISDB-S,,,xxx[kHz](),hex,,,,,,,,,hex,hex,mpeg2/avc,hex,mpeg-audio/ac3/aac/heaac,23.97/24/25/29.97/30/47.94/48/50/59.94/60
#,SEMS,[No],[input/standard],,,[Frequency],[TS-ID],,,,,,,,,[PCR-PID],[VIDEO-PID],[VIDEO-CO],[AUDIO-PID],[AUDIO-CO],[FRAMERATE]
,SEMS,BS-15-111,ISDB-S,111,,1318000,0x40F1,,,,,,,,,0x00FF,0x00FF,mpeg2,0x0100,mpeg-audio,29.97
,SEMS,BS-15-113,ISDB-S,113,,1318000,0x40F2,,,,,,,,,0x0215,0x0119,mpeg2,0x0218,aac,29.97
,SEMS,BS-15-114,ISDB-S,114,,1318000,0x40F2,,,,,,,,,0x0215,0x0119,mpeg2,0x0215,aac,29.97
,SEMS,BS-15-115,ISDB-S,115,,1318000,0x40F2,,,,,,,,,0x0215,0x0119,mpeg2,0x0216,aac,29.97
,SEMS,BS-15-116,ISDB-S,116,,1318000,0x40F2,,,,,,,,,0x0215,0x0119,mpeg2,0x0217,aac,29.97
,SEMS,BS-15-117,ISDB-S,117,,1318000,0x40F2,,,,,,,,,0x0211,0x0119,mpeg2,0x0220,aac,29.97
,SEMS,BS-15-170,ISDB-S,170,,1318000,0x40F2,,,,,,,,,0x0211,0x0240,mpeg2,0x0241,aac,29.97
#,SEMS,300,ISDB-S,300,,1318000,0x40F2,,,,,,,,,0x0511,,,0x0540,,29.97
,SEMS,BS-15-791,ISDB-S,791,,1318000,0x40F2,,,,,,,,,0x0650,0x0000,mpeg2,0x0650,aac,29.97
,SEMS,BS-15-792,ISDB-S,792,,1318000,0x40F2,,,,,,,,,0x0220,0x0000,mpeg2,0x0220,aac,29.97
#,SEMS,,,,,,,,,,,,,,,,,,,,
#,SEMS,ND-24,ISDB-S,,,xxx[kHz](),hex,,,,,,,,,hex,hex,mpeg2/avc,hex,mpeg-audio/ac3/aac/heaac,23.97/24/25/29.97/30/47.94/48/50/59.94/60
#,SEMS,[No],[input/standard],,,[Frequency],[TS-ID],,,,,,,,,[PCR-PID],[VIDEO-PID],[VIDEO-CO],[AUDIO-PID],[AUDIO-CO],[FRAMERATE]
,SEMS,ND-24-147,ISDB-S,147,,2053000,0x7180,,,,,,,,,0x143A,0x141A,mpeg2,0x142A,aac,29.97
#,SEMS,,,,,,,,,,,,,,,,,,,,
#,SEMS,J-14,ISDB-T,,,xxx[kHz](),,,,,,,,,,hex,hex,mpeg2/avc,hex,mpeg-audio/ac3/aac/heaac,23.97/24/25/29.97/30/47.94/48/50/59.94/60
#,SEMS,[No],[input/standard],,,[Frequency],,,,,,,,,,[PCR-PID],[VIDEO-PID],[VIDEO-CO],[AUDIO-PID],[AUDIO-CO],[FRAMERATE]
,SEMS,J-14-011,ISDB-T,11,1,479142,,,,,,,,,0x0400,0x0150,0x0200,mpeg2,0x0300,aac,29.97
,SEMS,J-14-012,ISDB-T,12,1,479142,,,,,,,,,0x0401,0x0150,0x0201,mpeg2,0x0301,aac,29.97
#,SEMS,,,,,,,,,,,,,,,,,,,,
#,SEMS,J-27,ISDB-T,,,xxx[kHz](),,,,,,,,,,hex,hex,mpeg2/avc,hex,mpeg-audio/ac3/aac/heaac,23.97/24/25/29.97/30/47.94/48/50/59.94/60
#,SEMS,[No],[input/standard],,,[Frequency],,,,,,,,,,[PCR-PID],[VIDEO-PID],[VIDEO-CO],[AUDIO-PID],[AUDIO-CO],[FRAMERATE]
,SEMS,J-27-071,ISDB-T,28,1,557142,,,,,,,,,0x0418,0x0150,0x0200,mpeg2,0x0300,aac,29.97
#,SEMS,,,,,,,,,,,,,,,,,,,,
#,SEMS,J-49,ISDB-T,,,xxx[kHz](),,,,,,,,,,hex,hex,mpeg2/avc,hex,mpeg-audio/ac3/aac/heaac,23.97/24/25/29.97/30/47.94/48/50/59.94/60
#,SEMS,[No],[input/standard],,,[Frequency],,,,,,,,,,[PCR-PID],[VIDEO-PID],[VIDEO-CO],[AUDIO-PID],[AUDIO-CO],[FRAMERATE]
,SEMS,J-49-031,ISDB-T,50,1,689142,,,,,,,,,0x5408,0x0150,0x0200,mpeg2,0x0300,aac,29.97
,SEMS,J-49-032,ISDB-T,50,2,689142,,,,,,,,,0x5409,0x0150,0x0201,mpeg2,0x0301,aac,29.97
,SEMS,J-49-033,ISDB-T,50,3,689142,,,,,,,,,0x540A,0x0150,0x0201,mpeg2,0x0301,aac,29.97
#,SEMS,,,,,,,,,,,,,,,,,,,,
#,SEMS,AU-8,DVB-T,,,xxx[kHz](),8/7/6[MHz},,,,,,on/off,,,hex,hex,mpeg2/avc,hex,mpeg-audio/ac3/aac/heaac,23.97/24/25/29.97/30/47.94/48/50/59.94/60
#,SEMS,[No],[input/standard],,,[Frequency],[Bandwidth],,,,,,[LNA],,,[PCR-PID],[VIDEO-PID],[VIDEO-CO],[AUDIO-PID],[AUDIO-CO],[FRAMERATE]
,SEMS,AU-8-091,DVB-T,91,,191500,7,,,,,,on,,0x0001,0x0080,0x0210,mpeg2,0x0211,ac3,25
,SEMS,AU-8-093,DVB-T,93,,191500,7,,,,,,on,,0x0002,0x0080,0x0220,mpeg2,0x0221,mpeg-audio,25
,SEMS,AU-8-094,DVB-T,94,,191500,7,,,,,,on,,0x0003,0x0080,0x0220,mpeg2,0x0221,mpeg-audio,25
,SEMS,AU-8-095,DVB-T,95,,191500,7,,,,,,on,,0x0004,0x0080,0x0220,mpeg2,0x0221,mpeg-audio,25
,SEMS,AU-8-096,DVB-T,96,,191500,7,,,,,,on,,0x0005,0x0080,0x0220,mpeg2,0x0221,mpeg-audio,25
,SEMS,AU-8-097,DVB-T,97,,191500,7,,,,,,on,,0x0006,0x0080,0x0220,mpeg2,0x0221,mpeg-audio,25
,SEMS,AU-8-098,DVB-T,98,,191500,7,,,,,,on,,0x0007,0x0080,0x0220,mpeg2,0x0221,mpeg-audio,25
,SEMS,AU-8-099,DVB-T,99,,191500,7,,,,,,on,,0x0008,0x0080,0x0220,mpeg2,0x0221,mpeg-audio,25
#,SEMS,,,,,,,,,,,,,,,,,,,,
#,SEMS,NZ-21,DVB-T,,,xxx[kHz](),8/7/6[MHz},,,,,,on/off,,,hex,hex,mpeg2/avc,hex,mpeg-audio/ac3/aac/heaac,23.97/24/25/29.97/30/47.94/48/50/59.94/60
#,SEMS,[No],[input/standard],,,[Frequency],[Bandwidth],,,,,,[LNA],,,[PCR-PID],[VIDEO-PID],[VIDEO-CO],[AUDIO-PID],[AUDIO-CO],[FRAMERATE]
,SEMS,NZ-21-001,DVB-T,1,,474000,8,,,,,,on,,0x04B0,0x00FA,0x00FA,avc,0x012C,heaac,25
,SEMS,NZ-21-002,DVB-T,2,,474000,8,,,,,,on,,0x04B1,0x00FB,0x00FB,avc,0x012D,heaac,25
,SEMS,NZ-21-003,DVB-T,3,,474000,8,,,,,,on,,0x04B2,0x00FC,0x00FC,avc,0x012E,heaac,25
,SEMS,NZ-21-004,DVB-T,4,,474000,8,,,,,,on,,0x04B3,0x00FD,0x00FD,avc,0x012F,heaac,25
,SEMS,NZ-21-005,DVB-T,5,,474000,8,,,,,,on,,0x04B4,0x00FE,0x00FE,avc,0x0130,heaac,25
#,SEMS,,,,,,,,,,,,,,,,,,,,
#,SEMS,US-40,DVB-T,,,xxx[kHz](),8/7/6[MHz},,,,,,on/off,,,hex,hex,mpeg2/avc,hex,mpeg-audio/ac3/aac/heaac,23.97/24/25/29.97/30/47.94/48/50/59.94/60
#,SEMS,[No],[input/standard],,,[Frequency],[Bandwidth],,,,,,[LNA],,,[PCR-PID],[VIDEO-PID],[VIDEO-CO],[AUDIO-PID],[AUDIO-CO],[FRAMERATE]
,SEMS,US-40-095,DVB-T,95,,629000,6,,,,,,on,,0x00C9,0x7DB,0x7DB,mpeg2,0x7DC,mpeg-audio,25
,SEMS,US-40-099,DVB-T,99,,629000,6,,,,,,on,,0x00CA,0x7E5,0x7E6,mpeg2,0x7E7,mpeg-audio,25
#,SEMS,,,,,,,,,,,,,,,,,,,,
#,SEMS,US-65,DVB-T,,,xxx[kHz](),8/7/6[MHz},,,,,,on/off,,,hex,hex,mpeg2/avc,hex,mpeg-audio/ac3/aac/heaac,23.97/24/25/29.97/30/47.94/48/50/59.94/60
#,SEMS,[No],[input/standard],,,[Frequency],[Bandwidth],,,,,,[LNA],,,[PCR-PID],[VIDEO-PID],[VIDEO-CO],[AUDIO-PID],[AUDIO-CO],[FRAMERATE]
,SEMS,US-65-200,DVB-T,200,,779000,6,,,,,,on,,0x00C8,0x7D1,0x7D1,avc,0x7D2,heaac,25
#,SEMS,,,,,,,,,,,,,,,,,,,,
#,SEMS,E-27,DVB-T2,,,xxx[kHz](),8/7/6[MHz},qpsk/16qam/64qam/256qam/bpsk,hex(1byte),,,,on/off,,,hex,hex,mpeg2/avc,hex,mpeg-audio/ac3/aac/heaac,23.97/24/25/29.97/30/47.94/48/50/59.94/60
#,SEMS,[No],[input/standard],,,[Frequency],[Bandwidth],[Modulation],[plpid],,,,[LNA],,,[PCR-PID],[VIDEO-PID],[VIDEO-CO],[AUDIO-PID],[AUDIO-CO],[FRAMERATE]
,SEMS,E-27-1,DVB-T2,1,,522000,8,256qam,0x00,,,,on,,0x4440,0x0065,0x0065,avc,0x0066,heaac,25
,SEMS,E-27-2,DVB-T2,2,,522000,8,256qam,0x00,,,,on,,0x4484,0x00C9,0x00C9,avc,0x00CA,heaac,25
,SEMS,E-27-3,DVB-T2,3,,522000,8,256qam,0x00,,,,on,,0x4501,0x0071,0x0072,mpeg2,0x0073,mpeg-audio,25
,SEMS,E-27-4,DVB-T2,4,,522000,8,256qam,0x00,,,,on,,0x4500,0x012D,0x012D,avc,0x012E,heaac,25
,SEMS,E-27-5,DVB-T2,5,,522000,8,256qam,0x00,,,,on,,0x44C4,0x19C9,0x19C9,avc,0x19CA,heaac,25
#,SEMS,,,,,,,,,,,,,,,,,,,,
#,SEMS,E-35,DVB-T,,,xxx[kHz](),8/7/6[MHz},,,,,,on/off,,,hex,hex,mpeg2/avc,hex,mpeg-audio/ac3/aac/heaac,23.97/24/25/29.97/30/47.94/48/50/59.94/60
#,SEMS,[No],[input/standard],,,[Frequency],[Bandwidth],,,,,,[LNA],,,[PCR-PID],[VIDEO-PID],[VIDEO-CO],[AUDIO-PID],[AUDIO-CO],[FRAMERATE]
,SEMS,E-35-031,DVB-T,31,,586000,8,,,,,,on,,0x0002,0x0022,0x0022,mpeg2,0x0062,mpeg-audio,25
,SEMS,E-35-032,DVB-T,32,,586000,8,,,,,,on,,0x0003,0x0023,0x0023,mpeg2,0x0063,mpeg-audio,25
,SEMS,E-35-033,DVB-T,33,,586000,8,,,,,,on,,0x0004,0x0021,0x0021,mpeg2,0x0061,mpeg-audio,25
#,SEMS,,,,,,,,,,,,,,,,,,,,
#,SEMS,HKG-43,DTMB,,,xxx[kHz](),single/multi,constant/various,pn420/pn595/pn945,4qam/4qamnr/16qam/32qam/64qam,0.4/0.6/0.8,240/720,on/off,,,hex,hex,mpeg2/avc,hex,mpeg-audio/ac3/aac/heaac,23.97/24/25/29.97/30/47.94/48/50/59.94/60
#,SEMS,[No],[input/standard],,,[Frequency],[Carrier],[PnSequence],[GuardInterfal],[Modulation],[CodeRate],[TimeInterleaver],[LNA],,,[PCR-PID],[VIDEO-PID],[VIDEO-CO],[AUDIO-PID],[AUDIO-CO],[FRAMERATE]
,SEMS,HKG-43-082,DTMB,82,,650000,multi,various,pn420,16qam,0.8,720,on,,0x0052,0x0335,0x0335,avc,0x0336,ac3,25
,SEMS,HKG-43-083,DTMB,83,,650000,multi,various,pn420,16qam,0.8,720,on,,0x0053,0x033F,0x033F,avc,0x0340,ac3,25
,SEMS,HKG-43-085,DTMB,85,,650000,multi,various,pn420,16qam,0.8,720,on,,0x0055,0x0353,0x0354,mpeg2,0x0355,mpeg-audio,25
#,SEMS,,,,,,,,,,,,,,,,,,,,
#,SEMS,DVB-S2,DVB-S2,,,xxx[kHz](),xxx[sym/sec],,,,,,,,,hex,hex,mpeg2/avc,hex,mpeg-audio/ac3/aac/heaac,23.97/24/25/29.97/30/47.94/48/50/59.94/60
#,SEMS,[No],[input/standard],,,[Frequency],[SymbolRate],,,,,,,,,[PCRPID],[VIDEOPID],[VIDEOCO],[AUDIOPID],[AUDIOCO],[FRAMERATE]
,SEMS,PMTS1,DVB-S2,101,,12168020,22016001,,,,,,,,0x1324,0x00FF,0x00FF,avc,0x0103,ac3,25
,SEMS,PMTS2,DVB-S2,102,,12168020,22016001,,,,,,,,0x1325,0x01FF,0x01FF,avc,0x0203,ac3,25
#,SEMS,PMTS3,DVB-S2,103,,12168020,22016001,,,,,,,,0x1326,0x0780,0x0780,,0x0781,,25
,SEMS,PMTS4,DVB-S2,104,,12168020,22016001,,,,,,,,0x132F,0x02FF,0x0303,mpeg2,0x0304,mpeg-audio,25
#,SEMS,,,,,,,,,,,,,,,,,,,,
#,SEMS,,ATSC,,,xxx[kHz](),8vsb|64qam|256qam,,,,,,,,,hex,hex,mpeg2/avc,hex,mpeg-audio/ac3/aac/heaac,23.97/24/25/29.97/30/47.94/48/50/59.94/60
#,SEMS,[No],[input/standard],,,[Frequency],[Modulation],,,,,,,,,[PCR-PID],[VIDEO-PID],[VIDEO-CO],[AUDIO-PID],[AUDIO-CO],[FRAMERATE]
,SEMS,PMTA1,ATSC,26,1,545009,8VSB,,,,,,,,0x0003,0x0031,0x0031,mpeg2,0x0034,ac3,29.97
,SEMS,PMTA2,ATSC,26,2,545009,8VSB,,,,,,,,0x0004,0x0041,0x0042,mpeg2,0x0043,mpeg-audio,29.97
#,SEMS,,,,,,,,,,,,,,,,,,,,
#,SEMS,,analog-terr,,,xxx[kHz](),,,,,,,on/off,,,ntsc/pal/secam,23.97/24/25/29.97/30/47.94/48/50/59.94/60,,,,
#,SEMS,[No],[input/standard],,,[Frequency],[vsystem],[asystem],,,,,[LNA],,,[format],[FRAMERATE],,,,
,SEMS,US-6,analog-terr,6,,83250,M,BTSC,,,,,off,,,NTSC,29.97,,,,
,SEMS,J-2,analog-terr,3,,97250,M,BTSC,,,,,off,,,NTSC,29.97,,,,
,SEMS,J-4,analog-terr,5,,171250,M,BTSC,,,,,off,,,NTSC,29.97,,,,
,SEMS,J-7,analog-terr,9,,189250,M,BTSC,,,,,off,,,NTSC,29.97,,,,
,SEMS,J-9,analog-terr,11,,199250,M,BTSC,,,,,off,,,NTSC,29.97,,,,
,SEMS,J-11,analog-terr,13,,211250,M,BTSC,,,,,off,,,NTSC,29.97,,,,
,SEMS,US-14,analog-terr,14,,471250,M,BTSC,,,,,off,,,NTSC,29.97,,,,
,SEMS,US-26,analog-terr,26,,543250,M,BTSC,,,,,off,,,NTSC,29.97,,,,
#,SEMS,,,,,,,,,,,,,,,,,,,,
#,SEMS,,analog-terr,,,xxx[kHz](),,,,,,,on/off,,,ntsc/pal/secam,23.97/24/25/29.97/30/47.94/48/50/59.94/60,,,,
#,SEMS,[No],[input/standard],,,[Frequency],[vsystem],[asystem],,,,,[LNA],,,[format],[FRAMERATE],,,,
,SEMS,E-2,analog-terr,2,,48250,B,UNKNOWN,,,,,off,,,PAL,25,,,,
,SEMS,E-4,analog-terr,4,,62250,B,A2,,,,,off,,,PAL,25,,,,
,SEMS,E-12,analog-terr,12,,224250,B,UNKNOWN,,,,,off,,,PAL,25,,,,
,SEMS,S-34,analog-terr,34,,407250,G,UNKNOWN,,,,,off,,,PAL,25,,,,
,SEMS,E-24,analog-terr,24,,495250,G,A2,,,,,off,,,PAL,25,,,,
,SEMS,UK-33,analog-terr,33,,567250,I,UNKNOWN,,,,,off,,,PAL,25,,,,
,SEMS,R-40,analog-terr,40,,623250,K,UNKNOWN,,,,,on,,,SECAM,25,,,,
,SEMS,E-46,analog-terr,46,,671250,G,UNKNOWN,,,,,on,,,SECAM,25,,,,
,SEMS,UK-50,analog-terr,50,,703250,I,UNKNOWN,,,,,off,,,PAL,25,,,,
,SEMS,E-54,analog-terr,54,,735250,G,UNKNOWN,,,,,off,,,PAL,25,,,,
#,SEMN,,,,,,,,,,,,,,,,,,,,
#,SEMN,AU-8,DVB-T,,,xxx[kHz](),8/7/6[MHz},,,,,,on/off,,,hex,hex,mpeg2/avc,hex,mpeg-audio/ac3/aac/heaac,23.97/24/25/29.97/30/47.94/48/50/59.94/60
#,SEMN,[No],[input/standard],,,[Frequency],[Bandwidth],,,,,,[LNA],,,[PCR-PID],[VIDEO-PID],[VIDEO-CO],[AUDIO-PID],[AUDIO-CO],[FRAMERATE]
,SEMN,AU-8-91,DVB-T,91,,578500,7,,,,,,on,,0x0001,0x0080,0x0210,mpeg2,0x0211,mpeg-audio,25
,SEMN,AU-8-93,DVB-T,93,,578500,7,,,,,,on,,0x0002,0x0080,0x0220,mpeg2,0x0221,mpeg-audio,25
,SEMN,AU-8-94,DVB-T,94,,578500,7,,,,,,on,,0x0003,0x0080,0x0220,mpeg2,0x0221,mpeg-audio,25
,SEMN,AU-8-95,DVB-T,95,,578500,7,,,,,,on,,0x0004,0x0080,0x0220,mpeg2,0x0221,mpeg-audio,25
,SEMN,AU-8-96,DVB-T,96,,578500,7,,,,,,on,,0x0005,0x0080,0x0220,mpeg2,0x0221,mpeg-audio,25
,SEMN,AU-8-97,DVB-T,97,,578500,7,,,,,,on,,0x0006,0x0080,0x0220,mpeg2,0x0221,mpeg-audio,25
,SEMN,AU-8-98,DVB-T,98,,578500,7,,,,,,on,,0x0007,0x0080,0x0220,mpeg2,0x0221,mpeg-audio,25
,SEMN,AU-8-99,DVB-T,99,,578500,7,,,,,,on,,0x0008,0x0080,0x0220,mpeg2,0x0221,mpeg-audio,25
#,SEMN,,,,,,,,,,,,,,,,,,,,
#,SEMN,AU-35,DVB-T,,,xxx[kHz](),8/7/6[MHz},,,,,,on/off,,,hex,hex,mpeg2/avc,hex,mpeg-audio/ac3/aac/heaac,23.97/24/25/29.97/30/47.94/48/50/59.94/60
#,SEMN,[No],[input/standard],,,[Frequency],[Bandwidth],,,,,,[LNA],,,[PCR-PID],[VIDEO-PID],[VIDEO-CO],[AUDIO-PID],[AUDIO-CO],[FRAMERATE]
,SEMN,AU-35-1,DVB-T,1,,578500,7,,,,,,on,,0x0621,0x0082,0x0202,mpeg2,0x02A0,ac3,25
,SEMN,AU-35-2,DVB-T,2,,578500,7,,,,,,on,,0x0625,0x0080,0x0200,mpeg2,0x028A,mpeg-audio,25
,SEMN,AU-35-3,DVB-T,3,,578500,7,,,,,,on,,0x0627,0x0082,0x0202,mpeg2,0x02A0,ac3,25
,SEMN,AU-35-4,DVB-T,4,,578500,7,,,,,,on,,0x0628,0x0081,0x0204,mpeg2,0x02A9,mpeg-audio,25
#,SEMN,,,,,,,,,,,,,,,,,,,,
#,SEMN,E-68,DVB-T,,,xxx[kHz](),8/7/6[MHz},,,,,,on/off,,,hex,hex,mpeg2/avc,hex,mpeg-audio/ac3/aac/heaac,23.97/24/25/29.97/30/47.94/48/50/59.94/60
#,SEMN,[No],[input/standard],,,[Frequency],[Bandwidth],,,,,,[LNA],,,[PCR-PID],[VIDEO-PID],[VIDEO-CO],[AUDIO-PID],[AUDIO-CO],[FRAMERATE]
,SEMN,E-68-001,DVB-T,1,,850000,8,,,,,,on,,0x175C,0x175E,0x175E,avc,0x175F,ac3,25
#,SEMN,,,,,,,,,,,,,,,,,,,,
#,SEMN,NZ-21,DVB-T,,,xxx[kHz](),8/7/6[MHz},,,,,,on/off,,,hex,hex,mpeg2/avc,hex,mpeg-audio/ac3/aac/heaac,23.97/24/25/29.97/30/47.94/48/50/59.94/60
#,SEMN,[No],[input/standard],,,[Frequency],[Bandwidth],,,,,,[LNA],,,[PCR-PID],[VIDEO-PID],[VIDEO-CO],[AUDIO-PID],[AUDIO-CO],[FRAMERATE]
,SEMN,NZ-21-5980,DVB-T,980,,850000,8,,,,,,on,,0x175C,0x175E,0x175E,avc,0x1760,mpeg-audio,25
#,SEMN,,,,,,,,,,,,,,,,,,,,
#,SEMN,US-40,DVB-T,,,xxx[kHz](),8/7/6[MHz},,,,,,on/off,,,hex,hex,mpeg2/avc,hex,mpeg-audio/ac3/aac/heaac,23.97/24/25/29.97/30/47.94/48/50/59.94/60
#,SEMN,[No],[input/standard],,,[Frequency],[Bandwidth],,,,,,[LNA],,,[PCR-PID],[VIDEO-PID],[VIDEO-CO],[AUDIO-PID],[AUDIO-CO],[FRAMERATE]
,SEMN,US-40-200,DVB-T,200,,695000,6,,,,,,on,,0x00C8,0x07D1,0x07D1,avc,0x07D2,aac,25
#,SEMN,,,,,,,,,,,,,,,,,,,,
#,SEMN,HK-22,DTMB,,,xxx[kHz](),single/multi,constant/various,pn420/pn595/pn945,4qam/4qamnr/16qam/32qam/64qam,0.4/0.6/0.8,240/720,on/off,,,hex,hex,mpeg2/avc,hex,mpeg-audio/ac3/aac/heaac,23.97/24/25/29.97/30/47.94/48/50/59.94/60
#,SEMN,[No],[input/standard],,,[Frequency],[Carrier],[PnSequence],[GuardInterfal],[Modulation],[CodeRate],[TimeInterleaver],[LNA],,,[PCR-PID],[VIDEO-PID],[VIDEO-CO],[AUDIO-PID],[AUDIO-CO],[FRAMERATE]
,SEMN,HK-22-085,DTMB,85,,482000,multi,various,pn420,16qam,0.8,240,on,,0x0055,0x0353,0x0353,avc,0x0354,ac3,25
#,SEMN,,,,,,,,,,,,,,,,,,,,
#,SEMN,GZ,DTMB,,,xxx[kHz](),single/multi,constant/various,pn420/pn595/pn945,4qam/4qamnr/16qam/32qam/64qam,0.4/0.6/0.8,240/720,on/off,,,hex,hex,mpeg2/avc,hex,mpeg-audio/ac3/aac/heaac,23.97/24/25/29.97/30/47.94/48/50/59.94/60
#,SEMN,[No],[input/standard],,,[Frequency],[Carrier],[PnSequence],[GuardInterfal],[Modulation],[CodeRate],[TimeInterleaver],[LNA],,,[PCR-PID],[VIDEO-PID],[VIDEO-CO],[AUDIO-PID],[AUDIO-CO],[FRAMERATE]
,SEMN,GZ-CITY2,DTMB,86,,666000,single,various,pn945,16qam,0.4,720,on,,,0x00A4,0x00A4,mpeg2,0x0057,mpeg-audio,25
,SEMN,GATV-M2,DTMB,87,,666000,single,various,pn945,16qam,0.4,720,on,,,0x00A2,0x00A2,mpeg2,0x0053,mpeg-audio,25
,SEMN,GZ-M3,DTMB,88,,666000,single,various,pn945,16qam,0.4,720,on,,,0x00A3,0x00A3,mpeg2,0x0055,mpeg-audio,25
,SEMN,GZ-M4,DTMB,89,,666000,single,various,pn945,16qam,0.4,720,on,,,0x00A1,0x00A1,mpeg2,0x0051,mpeg-audio,25
#,SEMN,,,,,,,,,,,,,,,,,,,,
#,SEMN,C-32,DTMB,,,xxx[kHz](),single/multi,constant/various,pn420/pn595/pn945,4qam/4qamnr/16qam/32qam/64qam,0.4/0.6/0.8,240/720,on/off,,,hex,hex,mpeg2/avc,hex,mpeg-audio/ac3/aac/heaac,23.97/24/25/29.97/30/47.94/48/50/59.94/60
#,SEMN,[No],[input/standard],,,[Frequency],[Carrier],[PnSequence],[GuardInterfal],[Modulation],[CodeRate],[TimeInterleaver],[LNA],,,[PCR-PID],[VIDEO-PID],[VIDEO-CO],[AUDIO-PID],[AUDIO-CO],[FRAMERATE]
,SEMN,C-32-601,DTMB,601,,666000,single,various,pn945,16qam,0.4,720,on,,,0x0080,0x0200,mpeg2,0x028A,mpeg-audio,25
,SEMN,C-32-602,DTMB,602,,666000,single,various,pn945,16qam,0.4,720,on,,,0x0081,0x0201,mpeg2,0x0294,mpeg-audio,25
,SEMN,C-32-603,DTMB,603,,666000,single,various,pn945,16qam,0.4,720,on,,,0x0082,0x0202,mpeg2,0x029E,mpeg-audio,25
,SEMN,C-32-604,DTMB,604,,666000,single,various,pn945,16qam,0.4,720,on,,,0x0083,0x0203,mpeg2,0x02A8,mpeg-audio,25
,SEMN,C-32-605,DTMB,605,,666000,single,various,pn945,16qam,0.4,720,on,,,0x0084,0x0204,mpeg2,0x02B2,mpeg-audio,25
,SEMN,C-32-606,DTMB,606,,666000,single,various,pn945,16qam,0.4,720,on,,,0x0085,0x0205,mpeg2,0x02BC,mpeg-audio,25
#,SEMN,,,,,,,,,,,,,,,,,,,,
#,SEMN,C-32,DTMB,,,xxx[kHz](),single/multi,constant/various,pn420/pn595/pn945,4qam/4qamnr/16qam/32qam/64qam,0.4/0.6/0.8,240/720,on/off,,,hex,hex,mpeg2/avc,hex,mpeg-audio/ac3/aac/heaac,23.97/24/25/29.97/30/47.94/48/50/59.94/60
#,SEMN,[No],[input/standard],,,[Frequency],[Carrier],[PnSequence],[GuardInterfal],[Modulation],[CodeRate],[TimeInterleaver],[LNA],,,[PCR-PID],[VIDEO-PID],[VIDEO-CO],[AUDIO-PID],[AUDIO-CO],[FRAMERATE]
,SEMN,C-32-CCTV1,DTMB,90,,666000,single,various,pn420,16qam,0.8,720,on,,,0x0080,0x0200,mpeg2,0x028A,mpeg-audio,25
,SEMN,C-32-CCTV2,DTMB,91,,666000,single,various,pn420,16qam,0.8,720,on,,,0x0081,0x0201,mpeg2,0x0294,mpeg-audio,25
,SEMN,C-32-CCTVC,DTMB,92,,666000,single,various,pn420,16qam,0.8,720,on,,,0x0082,0x0202,mpeg2,0x029E,mpeg-audio,25
,SEMN,C-32-CCTVD,DTMB,93,,666000,single,various,pn420,16qam,0.8,720,on,,,0x0083,0x0203,mpeg2,0x02A8,mpeg-audio,25
,SEMN,C-32-BTV-1,DTMB,94,,666000,single,various,pn420,16qam,0.8,720,on,,,0x0084,0x0204,mpeg2,0x02B2,mpeg-audio,25
,SEMN,C-32-CETV3,DTMB,95,,666000,single,various,pn420,16qam,0.8,720,on,,,0x0085,0x0205,mpeg2,0x02BC,mpeg-audio,25
#,SEMN,,,,,,,,,,,,,,,,,,,,
#,SEMN,,ISDB-T,,,xxx[kHz](),,,,,,,,,,hex,hex,mpeg2/avc,hex,mpeg-audio/ac3/aac/heaac,23.97/24/25/29.97/30/47.94/48/50/59.94/60
#,SEMN,[No],[input/standard],,,[Frequency],,,,,,,,,,[PCR-PID],[VIDEO-PID],[VIDEO-CO],[AUDIO-PID],[AUDIO-CO],[FRAMERATE]
,SEMN,BRZ-1,ISDB-T,99,1,755000,,,,,,,,,0xEA60,0x02FF,0x0200,avc,0x0210,aac,29.97
,SEMN,JPN-1,ISDB-T,7,1,575143,,,,,,,,,0x0418,0x0150,0x0200,mpeg2,0x0300,aac,29.97
#,SEMN,,,,,,,,,,,,,,,,,,,,
#,SEMN,,ATSC,,,xxx[kHz](),8vsb|64qam|256qam,,,,,,,,,hex,hex,mpeg2/avc,hex,mpeg-audio/ac3/aac/heaac,23.97/24/25/29.97/30/47.94/48/50/59.94/60
#,SEMN,[No],[input/standard],,,[Frequency],[Modulation],,,,,,,,,[PCR-PID],[VIDEO-PID],[VIDEO-CO],[AUDIO-PID],[AUDIO-CO],[FRAMERATE]
,SEMN,US-C88-1,ATSC,88,1,611000,8VSB,,,,,,,,0x0001,0x0031,0x0031,mpeg2,0x0034,ac3,29.97
,SEMN,US-C88-2,ATSC,88,2,611000,8VSB,,,,,,,,0x0002,0x0041,0x0041,mpeg2,0x0044,ac3,29.97
,SEMN,US-C88-3,ATSC,88,3,611000,8VSB,,,,,,,,0x0003,0x0051,0x0051,mpeg2,0x0054,ac3,29.97
,SEMN,US-C88-4,ATSC,88,4,611000,8VSB,,,,,,,,0x0004,0x0061,0x0061,mpeg2,0x0064,ac3,29.97
,SEMN,US-C88-5,ATSC,88,5,611000,8VSB,,,,,,,,0x0005,0x0071,0x0071,mpeg2,0x0074,ac3,29.97
,SEMN,US-C88-6,ATSC,88,6,611000,8VSB,,,,,,,,0x0006,0x0081,0x0081,mpeg2,0x0084,ac3,29.97
,SEMN,US-C88-7,ATSC,88,7,611000,8VSB,,,,,,,,0x0007,0x0091,0x0091,mpeg2,0x0094,ac3,29.97
,SEMN,US-C88-8,ATSC,88,8,611000,8VSB,,,,,,,,0x0008,0x00A1,0x00A1,mpeg2,0x00A4,ac3,29.97
,SEMN,US-C88-9,ATSC,88,9,611000,8VSB,,,,,,,,0x0009,0x00B1,0x00B1,mpeg2,0x00B4,ac3,29.97
#,SEMN,,,,,,,,,,,,,,,,,,,,
#,SEMN,E-40,DVB-T2,,,xxx[kHz](),8/7/6[MHz},qpsk/16qam/64qam/256qam/bpsk,hex(1byte),,,,on/off,,,hex,hex,mpeg2/avc,hex,mpeg-audio/ac3/aac/heaac,23.97/24/25/29.97/30/47.94/48/50/59.94/60
#,SEMN,[No],[input/standard],,,[Frequency],[Bandwidth],[Modulation],[plpid],,,,[LNA],,,[PCRPID],[VIDEOPID],[VIDEOCO],[AUDIOPID],[AUDIOCO],[FRAMERATE]
,SEMN,E-40-001,DVB-T2,401,,623000,6,256qam,0x00,,,,on,,0x39B0,0x00C9,0x00C9,mpeg2,0x00CA,mpeg-audio,25
,SEMN,E-40-002,DVB-T2,402,,682000,8,256qam,0x00,,,,on,,0x44C4,0x19C9,0x19C9,AVC,0x19CA,aac,25
,SEMN,E-40-003,DVB-T2,403,,682000,8,256qam,0x00,,,,on,,0x4484,0x00C9,0x00C9,AVC,0x00CA,aac,25
,SEMN,E-40-004,DVB-T2,404,,682000,8,256qam,0x00,,,,on,,0x4500,0x012D,0x012D,AVC,0x012E,aac,25
,SEMN,E-40-005,DVB-T2,405,,682000,8,256qam,0x00,,,,on,,0x4501,0x0071,0x0072,mpeg2,0x0073,mpeg-audio,25
,SEMN,E-40-006,DVB-T2,406,,682000,8,256qam,0x00,,,,on,,0x4440,0x0065,0x0065,AVC,0x0066,aac,25
#,SEMN,,,,,,,,,,,,,,,,,,,,
#,SEMN,J-30,ISDB-T,,,xxx[kHz](),,,,,,,,,,hex,hex,mpeg2/avc,hex,mpeg-audio/ac3/aac/heaac,23.97/24/25/29.97/30/47.94/48/50/59.94/60
#,SEMN,[No],[input/standard],,,[Frequency],,,,,,,,,,[PCR-PID],[VIDEO-PID],[VIDEO-CO],[AUDIO-PID],[AUDIO-CO],[FRAMERATE]
,SEMN,J-30-60000,ISDB-T,30,1,695140,,,,,,,,,,0x0200,0x0200,avc,0x0210,aac,29.97
,SEMN,J-30-60024,ISDB-T,30,2,695140,,,,,,,,,,0x0881,0x0881,avc,0x0883,aac,29.97
#,SEMN,,,,,,,,,,,,,,,,,,,,
#,SEMN,DS4,ISDB-S,,,xxx[kHz](),,,,,,,,,,hex,hex,mpeg2/avc,hex,mpeg-audio/ac3/aac/heaac,23.97/24/25/29.97/30/47.94/48/50/59.94/60
#,SEMN,[No],[input/standard],,,[Frequency],[TS-ID],,,,,,,,,[PCR-PID],[VIDEO-PID],[VIDEO-CO],[AUDIO-PID],[AUDIO-CO],[FRAMERATE]
,SEMN,DS4-1,ISDB-S,4,1,1318000,0x40f2,,,,,,,,,0x01ff,0x100,mpeg2,0x0110,aac,29.97
,SEMN,DS4-2,ISDB-S,4,2,1318000,0x40f1,,,,,,,,,0x01ff,0x100,mpeg2,0x0110,aac,29.97
#,SEMN,,,,,,,,,,,,,,,,,,,,
#,SEMN,,analog-terr,,,xxx[kHz](),,,,,,,on/off,,,ntsc/pal/secam,23.97/24/25/29.97/30/47.94/48/50/59.94/60,,,,
#,SEMN,[No],[input/standard],,,[Frequency],[vsystem],[asystem],,,,,[LNA],,,[format],[FRAMERATE],,,,
,SEMN,US-6,analog-terr,6,,83250,M,BTSC,,,,,off,,,NTSC,29.97,,,,
,SEMN,J-3,analog-terr,3,,103250,M,BTSC,,,,,off,,,NTSC,29.97,,,,
,SEMN,J-5,analog-terr,7,,177250,M,BTSC,,,,,off,,,NTSC,29.97,,,,
,SEMN,J-9,analog-terr,11,,199250,M,BTSC,,,,,off,,,NTSC,29.97,,,,
,SEMN,J-11,analog-terr,13,,211250,M,BTSC,,,,,off,,,NTSC,29.97,,,,
,SEMN,J-19,analog-terr,20,,507250,M,BTSC,,,,,off,,,PAL-M,29.97,,,,
#,SEMN,,,,,,,,,,,,,,,,,,,,
#,SEMN,,analog-terr,,,xxx[kHz](),,,,,,,on/off,,,ntsc/pal/secam,23.97/24/25/29.97/30/47.94/48/50/59.94/60,,,,
#,SEMN,[No],[input/standard],,,[Frequency],[vsystem],[asystem],,,,,[LNA],,,[format],[FRAMERATE],,,,
,SEMN,E-4,analog-terr,4,,62250,B,A2,,,,,off,,,PAL,25,,,,
,SEMN,A-2,analog-terr,2,,109250,M,BTSC,,,,,off,,,NTSC,29.97,,,,
,SEMN,E-7,analog-terr,7,,189250,B,UNKNOWN,,,,,off,,,PAL,25,,,,
,SEMN,E-27,analog-terr,27,,519250,G,A2,,,,,off,,,PAL,25,,,,
,SEMN,UK-33,analog-terr,33,,567250,I,UNKNOWN,,,,,off,,,PAL,25,,,,
,SEMN,E-37,analog-terr,37,,599250,G,UNKNOWN,,,,,off,,,SECAM,25,,,,
,SEMN,R-43,analog-terr,43,,647250,K,UNKNOWN,,,,,off,,,SECAM,25,,,,
,SEMN,UK-50,analog-terr,50,,703250,I,UNKNOWN,,,,,off,,,PAL,25,,,,
#,SEMN,,,,,,,,,,,,,,,,,,,,
#,SEMN,,ISDB-T,,,xxx[kHz](),,,,,,,,,,hex,hex,mpeg2/avc,hex,mpeg-audio/ac3/aac/heaac,23.97/24/25/29.97/30/47.94/48/50/59.94/60
#,SEMN,[No],[input/standard],,,[Frequency],,,,,,,,,,[PCR-PID],[VIDEO-PID],[VIDEO-CO],[AUDIO-PID],[AUDIO-CO],[FRAMERATE]
,SEMN,CVT-1,ISDB-T,26,1,545143,,,,,,,,,0x0408,0x0150,0x0200,mpeg2,0x0300,aac,29.97
,SEMN,CVT-2,ISDB-T,18,1,497143,,,,,,,,,0xB6C1,0x0200,0x0301,avc,0x0400,aac,29.97
#,SEMN,,,,,,,,,,,,,,,,,,,,
#,SEMN,,ISDB-S,,,xxx[kHz](),hex,,,,,,,,,hex,hex,mpeg2/avc,hex,mpeg-audio/ac3/aac/heaac,23.97/24/25/29.97/30/47.94/48/50/59.94/60
#,SEMN,[No],[input/standard],,,[Frequency],[TS-ID],,,,,,,,,[PCR-PID],[VIDEO-PID],[VIDEO-CO],[AUDIO-PID],[AUDIO-CO],[FRAMERATE]
,SEMN,CVT-3,ISDB-S,103,,1049480,0x4010,,,,,,,,,0x0120,0x0100,mpeg2,0x0110,aac,29.97
#,SEMN,,,,,,,,,,,,,,,,,,,,
#,SEMN,,DVB-S,,,xxx[kHz](),xxx[sym/sec],,,,,,,,,hex,hex,mpeg2/avc,hex,mpeg-audio/ac3/aac/heaac,23.97/24/25/29.97/30/47.94/48/50/59.94/60
#,SEMN,[No],[input/standard],,,[Frequency],[SymbolRate],,,,,,,,,[PCR-PID],[VIDEO-PID],[VIDEO-CO],[AUDIO-PID],[AUDIO-CO],[FRAMERATE]
,SEMN,CVT-5,DVB-S,105,,11567000,22000000,,,,,,,,0x1AF8,0x0915,0x0915,mpeg2,0x0916,mpeg-audio,25
#,SEMN,,,,,,,,,,,,,,,,,,,,
#,SEMN,,DVB-S2,,,xxx[kHz](),xxx[sym/sec],,,,,,,,,hex,hex,mpeg2/avc,hex,mpeg-audio/ac3/aac/heaac,23.97/24/25/29.97/30/47.94/48/50/59.94/60
#,SEMN,[No],[input/standard],,,[Frequency],[SymbolRate],,,,,,,,,[PCRPID],[VIDEOPID],[VIDEOCO],[AUDIOPID],[AUDIOCO],[FRAMERATE]
,SEMN,CVT-6,DVB-S2,102,,12168000,21500484,,,,,,,,0x1325,0x01FF,0x01FF,avc,0x0203,ac3,25
#,SEMN,,,,,,,,,,,,,,,,,,,,
#,SEMN,,ATSC,,,xxx[kHz](),8vsb|64qam|256qam,,,,,,,,,hex,hex,mpeg2/avc,hex,mpeg-audio/ac3/aac/heaac,23.97/24/25/29.97/30/47.94/48/50/59.94/60
#,SEMN,[No],[input/standard],,,[Frequency],[Modulation],,,,,,,,,[PCR-PID],[VIDEO-PID],[VIDEO-CO],[AUDIO-PID],[AUDIO-CO],[FRAMERATE]
,SEMN,CVT-7,ATSC,52,1,701000,8VSB,,,,,,,,0x0003,0x0032,0x0031,mpeg2,0x0034,ac3,29.97
#,SEMN,,,,,,,,,,,,,,,,,,,,
#,SEMN,,DTMB,,,xxx[kHz](),single/multi,constant/various,pn420/pn595/pn945,4qam/4qamnr/16qam/32qam/64qam,0.4/0.6/0.8,240/720,on/off,,,hex,hex,mpeg2/avc,hex,mpeg-audio/ac3/aac/heaac,23.97/24/25/29.97/30/47.94/48/50/59.94/60
#,SEMN,[No],[input/standard],,,[Frequency],[Carrier],[PnSequence],[GuardInterfal],[Modulation],[CodeRate],[TimeInterleaver],[LNA],,,[PCR-PID],[VIDEO-PID],[VIDEO-CO],[AUDIO-PID],[AUDIO-CO],[FRAMERATE]
,SEMN,CVT-9,DTMB,9,,506000,multi,various,pn420,16qam,0.8,720,on,,0x0321,0x0201,0x0201,mpeg2,0x0294,ac3,25
#,SEMN,,,,,,,,,,,,,,,,,,,,
#,SEMN,,DVB-T,,,xxx[kHz](),8/7/6[MHz},,,,,,on/off,,,hex,hex,mpeg2/avc,hex,mpeg-audio/ac3/aac/heaac,23.97/24/25/29.97/30/47.94/48/50/59.94/60
#,SEMN,[No],[input/standard],,,[Frequency],[Bandwidth],,,,,,[LNA],,,[PCR-PID],[VIDEO-PID],[VIDEO-CO],[AUDIO-PID],[AUDIO-CO],[FRAMERATE]
,SEMN,CVT-10,DVB-T,10,,698000,8,,,,,,on,,0x0202,0x0221,0x0221,mpeg2,0x0222,mpeg-audio,25
,SEMN,CVT-11,DVB-T,11,,533000,6,,,,,,on,,0x0205,0x0251,0x0251,mpeg2,0x0252,mpeg-audio,25
#,SEMN,,,,,,,,,,,,,,,,,,,,
#,SEMN,,DVB-T2,,,xxx[kHz](),8/7/6[MHz},qpsk/16qam/64qam/256qam/bpsk,hex(1byte),,,,on/off,,,hex,hex,mpeg2/avc,hex,mpeg-audio/ac3/aac/heaac,23.97/24/25/29.97/30/47.94/48/50/59.94/60
#,SEMN,[No],[input/standard],,,[Frequency],[Bandwidth],[Modulation],[plpid],,,,[LNA],,,[PCRPID],[VIDEOPID],[VIDEOCO],[AUDIOPID],[AUDIOCO],[FRAMERATE]
,SEMN,CVT-12,DVB-T2,12,,626001,8,256qam,0x00,,,,on,,0xA0C0,0x00b8,0x00b5,avc,0x00b7,ac3,25
#,SEMN,,,,,,,,,,,,,,,,,,,,
#,SSV,,,,,,,,,,,,,,,,,,,,
#,SSV,,DTMB,,,,,,,,,,on/off,,,,,,,,
#,SSV,[No],[input/standard],,,[Frequency],[Carrier],[PnSequence],[GuardInterfal],[Modulation],[CodeRate],[TimeInterleaver],[LNA],,,[PCR-PID],[VIDEO-PID],[VIDEO-CO],[AUDIO-PID],[AUDIO-CO],[FRAMERATE]
,SSV,1,DTMB,1,,219000,multi,various,pn420,64qam,0.8,720,on,,0x000A,0x111,0x111,AVS,0x114,mpeg-audio,25
,SSV,2,DTMB,2,,219000,multi,various,pn420,64qam,0.8,720,on,,0x000B,0x211,0x211,AVS,0x214,mpeg-audio,25
,SSV,3,DTMB,3,,219000,multi,various,pn420,64qam,0.8,720,on,,0x000C,0x311,0x311,AVS,0x314,ac3,25
,SSV,4,DTMB,4,,219000,multi,various,pn420,64qam,0.8,720,on,,0x000D,0x411,0x411,AVS,0x414,mpeg-audio,25
#,SSV,,,,,,,,,,,,,,,,,,,,
#,SSV,,DTMB,,,xxx[kHz](),,,,,,,on/off,,,,,,,,
#,SSV,[No],[input/standard],,,[Frequency],[Carrier],[PnSequence],[GuardInterfal],[Modulation],[CodeRate],[TimeInterleaver],[LNA],,,[PCR-PID],[VIDEO-PID],[VIDEO-CO],[AUDIO-PID],[AUDIO-CO],[FRAMERATE]
,SSV,5,DTMB,5,,530000,single,constant,pn595,32qam,0.8,240,on,,0x0001,0x21,0x24,mpeg2,0x25,mpeg-audio,25
,SSV,6,DTMB,6,,530000,single,constant,pn595,32qam,0.8,240,on,,0x0002,0x21,0x26,mpeg2,0x27,mpeg-audio,25
#,SSV,,,,,,,,,,,,,,,,,,,,
#,SSV,,DTMB,,,xxx[kHz](),,,,,,,on/off,,,,,,,,
#,SSV,[No],[input/standard],,,[Frequency],[Carrier],[PnSequence],[GuardInterfal],[Modulation],[CodeRate],[TimeInterleaver],[LNA],,,[PCR-PID],[VIDEO-PID],[VIDEO-CO],[AUDIO-PID],[AUDIO-CO],[FRAMERATE]
,SSV,9,DTMB,9,,674000,single,constant,pn595,32qam,0.8,720,on,,0x0005,0x100,0x111,mpeg2,0x114,mpeg-audio,25
,SSV,10,DTMB,10,,674000,single,constant,pn595,32qam,0.8,720,on,,0x0006,0x100,0x211,mpeg2,0x214,mpeg-audio,25
#,SSV,,,,,,,,,,,,,,,,,,,,
#,SSV,,analog-terr,,,xxx[kHz](),,,,,,,on/off,,,ntsc/pal/secam,23.97/24/25/29.97/30/47.94/48/50/59.94/60,,,,
#,SSV,[No],[input/standard],,,[Frequency],[vsystem],[asystem],,,,,[LNA],,,[format],[FRAMERATE],,,,
,SSV,E-2,analog-terr,2,,48250,B,A2,,,,,off,,,PAL,25,,,,
,SSV,C-3,analog-terr,3,,65750,D,UNKNOWN,,,,,off,,,PAL,25,,,,
,SSV,J-3,analog-terr,3,,103250,M,BTSC,,,,,off,,,NTSC,29.97,,,,
,SSV,Z-4,analog-terr,4,,136250,D,UNKNOWN,,,,,off,,,PAL,25,,,,
,SSV,US-7,analog-terr,7,,175250,M,BTSC,,,,,off,,,NTSC,29.97,,,,
,SSV,C-10,analog-terr,10,,200250,D,UNKNOWN,,,,,off,,,PAL,25,,,,
,SSV,S-28,analog-terr,28,,359250,G,UNKNOWN,,,,,off,,,SECAM,25,,,,
,SSV,C-13,analog-terr,13,,471250,K,UNKNOWN,,,,,off,,,PAL,25,,,,
,SSV,E-24,analog-terr,24,,495250,G,A2,,,,,off,,,SECAM,25,,,,
,SSV,UK-33,analog-terr,33,,567250,I,UNKNOWN,,,,,off,,,PAL,25,,,,
,SSV,E-54,analog-terr,54,,735250,G,UNKNOWN,,,,,off,,,PAL,25,,,,
,SSV,US-63,analog-terr,63,,765250,M,BTSC,,,,,off,,,NTSC,29.97,,,,
,SSV,UK-62,analog-terr,62,,799250,I,UNKNOWN,,,,,off,,,PAL,25,,,,
#,SBR,,,,,,,,,,,,,,,,,,,,
#,SBR,18,ISDB-T,,,xxx[kHz](),,,,,,,,,,hex,hex,mpeg2/avc,hex,mpeg-audio/ac3/aac/heaac,23.97/24/25/29.97/30/47.94/48/50/59.94/60
#,SBR,[No],[input/standard],,,[Frequency],,,,,,,,,,[PCR-PID],[VIDEO-PID],[VIDEO-CO],[AUDIO-PID],[AUDIO-CO],[FRAMERATE]
,SBR,18-8.1,ISDB-T,18,1,497142,,,,,,,,,0xB6C0,0x0200,0x0300,avc,0x0400,heaac,29.97
#,SBR,,,,,,,,,,,,,,,,,,,,
#,SBR,46,,,,,,,,,,,,,,,,,,,
#,SBR,[No],[input/standard],,,[Frequency],,,,,,,,,,[PCR-PID],[VIDEO-PID],[VIDEO-CO],[AUDIO-PID],[AUDIO-CO],[FRAMERATE]
,SBR,46-4.1,ISDB-T,41,1,665142,,,,,,,,,0xE7E0,0x0204,0x0201,avc,0x0202,heaac,29.97
#,SBR,,,,,,,,,,,,,,,,,,,,
#,SBR,59,,,,,,,,,,,,,,,,,,,
#,SBR,[No],[input/standard],,,[Frequency],,,,,,,,,,[PCR-PID],[VIDEO-PID],[VIDEO-CO],[AUDIO-PID],[AUDIO-CO],[FRAMERATE]
,SBR,59-9.1,ISDB-T,59,1,743142,,,,,,,,,0xB700,0x0200,0x0300,avc,0x0400,heaac,29.97
,SBR,59-9.2,ISDB-T,59,2,743142,,,,,,,,,0xB701,0x0200,0x0301,avc,0x0401,heaac,29.97
,SBR,59-9.3,ISDB-T,59,3,743142,,,,,,,,,0xB702,0x0200,0x0302,avc,0x0402,heaac,29.97
#,SBR,,,,,,,,,,,,,,,,,,,,
#,SBR,,analog-terr,,,xxx[kHz](),,,,,,,on/off,,,ntsc/pal/secam,23.97/24/25/29.97/30/47.94/48/50/59.94/60,,,,
#,SBR,[No],[input/standard],,,[Frequency],[vsystem],[asystem],,,,,[LNA],,,[format],[FRAMERATE],,,,
,SBR,US-2,analog-terr,2,,55250,M,BTSC,,,,,off,,,NTSC,29.97,,,,
,SBR,US-6,analog-terr,6,,83250,M,BTSC,,,,,off,,,NTSC,29.97,,,,
,SBR,US-7,analog-terr,7,,175250,M,BTSC,,,,,off,,,NTSC,29.97,,,,
,SBR,US-10,analog-terr,10,,193250,M,BTSC,,,,,off,,,PAL-M,29.97,,,,
,SBR,US-12,analog-terr,12,,205250,M,BTSC,,,,,off,,,PAL-M,29.97,,,,
,SBR,US-14,analog-terr,14,,471250,M,BTSC,,,,,off,,,NTSC,29.97,,,,
,SBR,US-30,analog-terr,30,,567250,M,BTSC,,,,,off,,,PAL-N,25,,,,
,SBR,US-40,analog-terr,40,,627250,M,BTSC,,,,,off,,,NTSC,29.97,,,,
#,NS,,,,,,,,,,,,,,,,,,,,
#,NS,26,,,,,,,,,,,,,,,,,,,
#,NS,[No],[input/standard],,,[Frequency],,,,,,,,,[Serv-ID],[PCR-PID],[VIDEO-PID],[VIDEO-CO],[AUDIO-PID],[AUDIO-CO],[FRAMERATE]
,NS,26-26.1,ISDB-T,26,1,545143,,,,,,,,,0xc238,0x100,0x111,avc,0x114,heaac,29.97
,NS,26-26.2,ISDB-T,26,2,545143,,,,,,,,,0xc220,0x200,0x211,avc,0x214,heaac,29.97
,NS,26-26.4,ISDB-T,26,4,545143,,,,,,,,,0xc220,0x1F0,0x111,avc,0x114,heaac,25
,NS,26-26.5,ISDB-T,26,5,545143,,,,,,,,,0xc221,0x1F0,0x211,avc,0x214,heaac,29.97
,NS,26-26.6,ISDB-T,26,6,545143,,,,,,,,,0xc222,0x1F0,0x311,avc,0x314,heaac,29.97
#,NS,,,,,,,,,,,,,,,,,,,,
#,NS,,analog-terr,,,xxx[kHz](),,,,,,,on/off,,,ntsc/pal/secam,23.97/24/25/29.97/30/47.94/48/50/59.94/60,,,,
#,NS,[No],[input/standard],,,[Frequency],[vsystem],[asystem],,,,,[LNA],,,[format],[FRAMERATE],,,,
,NS,US-3,analog-terr,3,,61250,M,BTSC,,,,,off,,,NTSC,29.97,,,,
,NS,US-4,analog-terr,4,,67250,M,BTSC,,,,,off,,,PAL-M,29.97,,,,
,NS,US-5,analog-terr,5,,77250,M,BTSC,,,,,off,,,PAL-N,25,,,,
,NS,US-8,analog-terr,8,,181250,M,BTSC,,,,,off,,,PAL-N,25,,,,
,NS,US-10,analog-terr,10,,193250,M,BTSC,,,,,off,,,PAL-N,25,,,,
#,FBC,,,,,,,,,,,,,,,,,,,,
#,FBC,dec,ISDB-T,,,xxx[kHz](dec),hex,,,,,,,,,hex,hex,mpeg2/avc,hex,mpeg-audio/ac3/aac/heaac,
#,FBC,[CHNo],[input/standard],,,[frequency],[TS-ID],,,,,,,,,[PCRPID],[VIDEOPID],[VIDEOCODEC],[AUDIOPID],[AUDIOCODEC],[FRAMERATE]
,FBC,8.1,ISDB-T,45,1,659143,,,,,,,,,0xB6C0,0x0200,0x0300,avc,0x0400,heaac,29.97
#,FBC,,,,,,,,,,,,,,,,,,,,
#,FBC,dec,ATSC,,,xxx[kHz](dec),8vsb|64qam|256qam,,,,,,,,,hex,hex,mpeg2/avc,hex,mpeg-audio/ac3/aac/heaac,
#,FBC,[CHNo],[input/standard],,,[frequency],[Modulation],,,,,,,,,[PCRPID],[VIDEOPID],[VIDEOCODEC],[AUDIOPID],[AUDIOCODEC],[FRAMERATE]
,FBC,19.1,ATSC,68,1,797002,8vsb,,,,,,,,0x0001,0x0011,0x0011,mpeg2,0x0014,AC3,29.97
,FBC,29.1,ATSC,29,1,562996,8vsb,,,,,,,,0x0001,0x0011,0x0011,mpeg2,0x0014,AC3,29.97
,FBC,19.1-CTV,ATSC,18,1,146999,256qam,,,,,,,,0x0001,0x0011,0x0011,mpeg2,0x0014,AC3,29.97
,FBC,35.1-CTV,ATSC,27,1,242997,64qam,,,,,,,,0x0001,0x0011,0x0011,mpeg2,0x0014,AC3,29.97
,FBC,88.1-CTV,ATSC,88,1,608995,64qam,,,,,,,,0x0001,0x0011,0x0011,mpeg2,0x0014,AC3,29.97
#,FBC,,,,,,,,,,,,,,,,,,,,
#,FBC,dec,DVB-T2,,,xxx[kHz](dec),8/7/6[Mhz],qpsk/16qam/64qam/256qam/bpsk,hex(1byte),,,,on/off,,,hex,hex,mpeg2/avc,hex,mpeg-audio/ac3/aac/heaac,23.97/24/25/29.97/30/47.94/48/50/59.94/60
#,FBC,[CHNo],[input/standard],,,[frequency],[brandwidth],[Modulation],[plpid],,,,[LNA],,,[PCRPID],[VIDEOPID],[VIDEOCODEC],[AUDIOPID],[AUDIOCODEC],[FRAMERATE]
,FBC,1,DVB-T2,1,,515001,6,256qam,0x00,,,,on,,0x3100,0x01F9,0x0065,avc,0x0066,heaac,50
,FBC,2,DVB-T2,2,,515001,6,256qam,0x00,,,,on,,0x3101,0x01F9,0x00C9,avc,0x00CA,heaac,25
#,FBC,,,,,,,,,,,,,,,,,,,,
#,FBC,,analog-terr,,,xxx[kHz](),,,,,,,on/off,,,ntsc/pal/secam,23.97/24/25/29.97/30/47.94/48/50/59.94/60,,,,
#,FBC,[No],[input/standard],,,[Frequncy],[vsystem],[asystem],,,,,[LNA],,,[format],[FRAMERATE],,,,
,FBC,3,analog-terr,3,,61250,M,BTSC,,,,,off,,,NTSC,29.97,,,,
,FBC,5,analog-terr,5,,77250,M,BTSC,,,,,off,,,NTSC,29.97,,,,
,FBC,7,analog-terr,7,,175250,M,BTSC,,,,,off,,,NTSC,29.97,,,,
,FBC,9,analog-terr,9,,187250,M,BTSC,,,,,off,,,NTSC,29.97,,,,
,FBC,11,analog-terr,11,,199250,M,BTSC,,,,,off,,,NTSC,29.97,,,,
,FBC,13,analog-terr,13,,211250,M,BTSC,,,,,off,,,NTSC,29.97,,,,
,FBC,14,analog-terr,14,,471250,M,BTSC,,,,,off,,,NTSC,29.97,,,,
,FBC,41,analog-terr,41,,633250,M,BTSC,,,,,off,,,NTSC,29.97,,,,
,FBC,63,analog-terr,63,,103250,M,BTSC,,,,,off,,,NTSC,29.97,,,,
,FBC,69,analog-terr,69,,765250,M,BTSC,,,,,off,,,NTSC,29.97,,,,
,FBC,125,analog-terr,125,,801250,M,BTSC,,,,,off,,,NTSC,29.97,,,,
,FBC,71,analog-terr,71,,507250,M,BTSC,,,,,off,,,PAL-M,29.97,,,,
,FBC,65,analog-terr,65,,471250,M,BTSC,,,,,off,,,NTSC,29.97,,,,
,FBC,92,analog-terr,92,,633250,M,BTSC,,,,,off,,,NTSC,29.97,,,,
,FBC,97,analog-terr,97,,103250,M,BTSC,,,,,off,,,NTSC,29.97,,,,
,FBC,119,analog-terr,119,,765250,M,BTSC,,,,,off,,,NTSC,29.97,,,,
#,FSK,,,,,,,,,,,,,,,,,,,,
#,FSK,C-06,DVB-T,,,xxx[kHz](),8/7/6[MHz},,,,,,on/off,,,hex,hex,mpeg2/avc,hex,mpeg-audio/ac3/aac/heaac,23.97/24/25/29.97/30/47.94/48/50/59.94/60
#,FSK,[No],[input/standard],,,[Frequency],[Bandwidth],,,,,,[LNA],,,[PCR-PID],[VIDEO-PID],[VIDEO-CO],[AUDIO-PID],[AUDIO-CO],[FRAMERATE]
,FSK,C-06-1,DVB-T,1,,184500,7,,,,,,on,,0x0003,0x002B,0x002B,mpeg2,0x0039,mpeg-audio,25
,FSK,C-06-2,DVB-T,2,,184500,7,,,,,,on,,0x000F,0x0F10,0x0F00,mpeg2,0x0022,mpeg-audio,25
,FSK,C-06-3,DVB-T,3,,184500,7,,,,,,on,,0x000E,0x0E00,0x0E00,mpeg2,0x0450,mpeg-audio,25
,FSK,C-06-4,DVB-T,4,,184500,7,,,,,,on,,0x0011,0x1100,0x1100,mpeg2,0x0036,mpeg-audio,25
,FSK,C-06-5,DVB-T,5,,184500,7,,,,,,on,,0x0010,0x1000,0x1000,mpeg2,0x003A,mpeg-audio,25
,FSK,C-06-6,DVB-T,6,,184500,7,,,,,,on,,0x0007,0x0700,0x0700,mpeg2,0x0710,mpeg-audio,25
,FSK,C-06-7,DVB-T,7,,184500,7,,,,,,on,,0x0008,0x0800,0x0800,mpeg2,0x0810,mpeg-audio,25
,FSK,C-06-8,DVB-T,8,,184500,7,,,,,,on,,0x000A,0x0A00,0x0A00,mpeg2,0x0A10,mpeg-audio,25
,FSK,C-06-9,DVB-T,9,,184500,7,,,,,,on,,0x000B,0x0B00,0x0B00,mpeg2,0x0B10,mpeg-audio,25
,FSK,C-06-10,DVB-T,10,,184500,7,,,,,,on,,0x0009,0x0900,0x0900,mpeg2,0x0910,mpeg-audio,25
,FSK,C-06-11,DVB-T,11,,184500,7,,,,,,on,,0x0006,0x0600,0x0600,mpeg2,0x0610,mpeg-audio,25
,FSK,C-06-12,DVB-T,12,,184500,7,,,,,,on,,0x0005,0x0500,0x0500,mpeg2,0x0510,mpeg-audio,25
,FSK,C-06-13,DVB-T,13,,184500,7,,,,,,on,,0x0004,0x0400,0x0400,mpeg2,0x0410,mpeg-audio,25
,FSK,C-06-14,DVB-T,14,,184500,7,,,,,,on,,0x0001,0x0100,0x0100,mpeg2,0x0120,mpeg-audio,25
,FSK,C-06-15,DVB-T,15,,184500,7,,,,,,on,,0x0002,0x0200,0x0200,mpeg2,0x0210,mpeg-audio,25
#,FSK,,,,,,,,,,,,,,,,,,,,
#,FSK,C-22,DVB-T,,,xxx[kHz](),8/7/6[MHz},,,,,,on/off,,,hex,hex,mpeg2/avc,hex,mpeg-audio/ac3/aac/heaac,23.97/24/25/29.97/30/47.94/48/50/59.94/60
#,FSK,[No],[input/standard],,,[Frequency],[Bandwidth],,,,,,[LNA],,,[PCR-PID],[VIDEO-PID],[VIDEO-CO],[AUDIO-PID],[AUDIO-CO],[FRAMERATE]
,FSK,C-22-1,DVB-T,221,,482000,8,,,,,,on,,0x0001,0x0120,0x0100,mpeg2,0x0110,mpeg-audio,25
,FSK,C-22-2,DVB-T,222,,482000,8,,,,,,on,,0x0002,0x0200,0x0200,mpeg2,0x0210,mpeg-audio,25
,FSK,C-22-3,DVB-T,223,,482000,8,,,,,,on,,0x0003,0x0300,0x0300,mpeg2,0x0310,mpeg-audio,25
#,FSK,,,,,,,,,,,,,,,,,,,,
#,FSK,C-48,DVB-T2,,,xxx[kHz](),8/7/6[MHz},qpsk/16qam/64qam/256qam/bpsk,hex(1byte),,,,on/off,,,hex,hex,mpeg2/avc,hex,mpeg-audio/ac3/aac/heaac,23.97/24/25/29.97/30/47.94/48/50/59.94/60
#,FSK,[No],[input/standard],,,[Frequency],[Bandwidth],[Modulation],[plpid],,,,[LNA],,,[PCR-PID],[VIDEO-PID],[VIDEO-CO],[AUDIO-PID],[AUDIO-CO],[FRAMERATE]
,FSK,C-48-1,DVB-T2,481,,690000,8,256qam,0x00,,,,on,,0xA045,0x00A4,0x00A1,avc,0x00A2,ac3,25
,FSK,C-48-2,DVB-T2,482,,690000,8,256qam,0x00,,,,on,,0xA0C0,0x00B8,0x00B5,avc,0x00B7,mpeg-audio,50
,FSK,C-48-3,DVB-T2,483,,690000,8,256qam,0x00,,,,on,,0xA0D0,0x00CB,0x00C9,avc,0x00CA,heaac,50
#,FSK,,,,,,,,,,,,,,,,,,,,
#,FSK,C-52,DVB-T,,,xxx[kHz](),8/7/6[MHz},,,,,,on/off,,,hex,hex,mpeg2/avc,hex,mpeg-audio/ac3/aac/heaac,23.97/24/25/29.97/30/47.94/48/50/59.94/60
#,FSK,[No],[input/standard],,,[Frequency],[Bandwidth],,,,,,[LNA],,,[PCR-PID],[VIDEO-PID],[VIDEO-CO],[AUDIO-PID],[AUDIO-CO],[FRAMERATE]
,FSK,C-52-1,DVB-T,521,,722000,8,,,,,,on,,0x1451,0x0065,0x0065,mpeg2,0x0066,mpeg-audio,25
,FSK,C-52-2,DVB-T,522,,722000,8,,,,,,on,,0x1452,0x00C9,0x00C9,avc,0x00CA,ac3,25
,FSK,C-52-3,DVB-T,523,,722000,8,,,,,,on,,0x1454,0x0191,0x0191,avc,0x0192,ac3,25
,FSK,C-52-4,DVB-T,524,,722000,8,,,,,,on,,0x1453,0x012D,0x012D,avc,0x012E,mpeg-audio,50
#,FSK,,,,,,,,,,,,,,,,,,,,
#,FSK,C-68,DVB-T,,,xxx[kHz](),8/7/6[MHz},,,,,,on/off,,,hex,hex,mpeg2/avc,hex,mpeg-audio/ac3/aac/heaac,23.97/24/25/29.97/30/47.94/48/50/59.94/60
#,FSK,[No],[input/standard],,,[Frequency],[Bandwidth],,,,,,[LNA],,,[PCR-PID],[VIDEO-PID],[VIDEO-CO],[AUDIO-PID],[AUDIO-CO],[FRAMERATE]
,FSK,C-68-1,DVB-T,681,,850000,8,,,,,,on,,0x3242,0x1781,0x1781,mpeg2,0x1782,mpeg-audio,25
,FSK,C-68-2,DVB-T,682,,850000,8,,,,,,on,,0x3340,0x17A1,0x17A1,mpeg2,0x17A2,mpeg-audio,25
,FSK,C-68-3,DVB-T,683,,850000,8,,,,,,on,,0x3780,0x18F1,0x18F1,mpeg2,0x18F2,mpeg-audio,25
,FSK,C-68-4,DVB-T,684,,850000,8,,,,,,on,,0x37C0,0x1881,0x1881,mpeg2,0x1882,mpeg-audio,25
,FSK,C-68-5,DVB-T,685,,850000,8,,,,,,on,,0x3A00,0x0000,0x0000,mpeg2,0x0000,mpeg-audio,25
#,FSK,C-68-6,DVB-T,686,,850000,8,,,,,,on,,0x3AC0,0x1901,0x1901,,0x1902,,
#,FSK,C-68-7,DVB-T,687,,850000,8,,,,,,on,,0x3B00,0x1921,0x1921,,0x1922,,
,FSK,C-68-8,DVB-T,688,,850000,8,,,,,,on,,0x3B40,0x1931,0x1931,mpeg2,0x1932,mpeg-audio,25
#,FSK,C-68-9,DVB-T,689,,850000,8,,,,,,on,,0x3B80,0x1951,0x1951,,0x1952,,
,FSK,C-68-10,DVB-T,690,,850000,8,,,,,,on,,0x3C80,0x1961,0x1961,mpeg2,0x1962,mpeg-audio,25
,FSK,C-68-11,DVB-T,691,,850000,8,,,,,,on,,0x3CC0,0x1971,0x1971,mpeg2,0x1972,mpeg-audio,25
,FSK,C-68-12,DVB-T,692,,850000,8,,,,,,on,,0x3D00,0x0000,0x0000,mpeg2,0x1842,mpeg-audio,25
,FSK,C-68-13,DVB-T,693,,850000,8,,,,,,on,,0x3D40,0x0000,0x0000,mpeg2,0x1852,mpeg-audio,25
,FSK,C-68-14,DVB-T,694,,850000,8,,,,,,on,,0x3D80,0x0000,0x0000,mpeg2,0x1862,mpeg-audio,25
,FSK,C-68-15,DVB-T,695,,850000,8,,,,,,on,,0x3DC0,0x0000,0x0000,mpeg2,0x1872,mpeg-audio,25
,FSK,C-68-16,DVB-T,696,,850000,8,,,,,,on,,0x3800,0x0000,0x0000,mpeg2,0x18A2,mpeg-audio,25
,FSK,C-68-17,DVB-T,697,,850000,8,,,,,,on,,0x3840,0x0000,0x0000,mpeg2,0x18B2,mpeg-audio,25
#,FSK,,,,,,,,,,,,,,,,,,,,
#,FSK,,DVB-S,,,xxx[kHz](),xxx[sym/sec],,,,,,,,,hex,hex,mpeg2/avc,hex,mpeg-audio/ac3/aac/heaac,23.97/24/25/29.97/30/47.94/48/50/59.94/60
#,FSK,[No],[input/standard],,,[Frequency],[SymbolRate],,,,,,,,,[PCR-PID],[VIDEO-PID],[VIDEO-CO],[AUDIO-PID],[AUDIO-CO],[FRAMERATE]
,FSK,101,DVB-S,101,,10750000,30000000,,,,,,,,0x1260,0x1FFE,0x0200,mpeg2,0x0280,mpeg-audio,25
,FSK,102,DVB-S,102,,10750000,30000000,,,,,,,,0x1262,0x1FFE,0x0201,mpeg2,0x0281,mpeg-audio,25
,FSK,103,DVB-S,103,,10750000,30000000,,,,,,,,0x1263,0x1FFE,0x0200,mpeg2,0x0280,mpeg-audio,25
,FSK,104,DVB-S,104,,10750000,30000000,,,,,,,,0x1266,0x1FFE,0x0201,mpeg2,0x0281,mpeg-audio,25
#,FSK,,,,,,,,,,,,,,,,,,,,
#,FSK,,DVB-S2,,,xxx[kHz](),xxx[sym/sec],,,,,,,,,hex,hex,mpeg2/avc,hex,mpeg-audio/ac3/aac/heaac,23.97/24/25/29.97/30/47.94/48/50/59.94/60
#,FSK,[No],[input/standard],,,[Frequency],[SymbolRate],,,,,,,,,[PCR-PID],[VIDEO-PID],[VIDEO-CO],[AUDIO-PID],[AUDIO-CO],[FRAMERATE]
,FSK,105,DVB-S2,105,,12600000,22000000,,,,,,,,0x1AF7,0x0900,0x0901,mpeg2,0x0902,mpeg-audio,25
,FSK,106,DVB-S2,106,,12600000,22000000,,,,,,,,0x1AF8,0x0914,0x0914,mpeg2,0x0915,mpeg-audio,25
,FSK,107,DVB-S2,107,,12600000,22000000,,,,,,,,0x1B1C,0x0917,0x0917,avc,0x0919,mpeg-audio,25
,FSK,108,DVB-S2,108,,12600000,22000000,,,,,,,,0x1B21,0x0917,0x0917,avc,0x0918,ac3,25
#,FSK,,,,,,,,,,,,,,,,,,,,
#,FSK,,analog-terr,,,xxx[kHz](),,,,,,,on/off,,,ntsc/pal/secam,23.97/24/25/29.97/30/47.94/48/50/59.94/60,,,,
#,FSK,[No],[input/standard],,,[Frequency],[vsystem],[asystem],,,,,[LNA],,,[format],[FRAMERATE],,,,
,FSK,C-01,analog-terr,1,,46250,D,UNKNOWN,,,,,off,,,PAL,25,,,,
,FSK,FRA-C,analog-terr,2,,63750,L,UNKNOWN,,,,,off,,,SECAM,25,,,,
,FSK,S-06,analog-terr,6,,140250,B,A2,,,,,off,,,PAL,25,,,,
,FSK,R-12,analog-terr,12,,223250,D,A2,,,,,off,,,SECAM,25,,,,
,FSK,S-27,analog-terr,27,,351250,B,UNKNOWN,,,,,off,,,PAL,25,,,,
,FSK,E-21,analog-terr,21,,471250,B,UNKNOWN,,,,,off,,,PAL,25,,,,
,FSK,E-36,analog-terr,36,,591250,B,UNKNOWN,,,,,off,,,PAL,25,,,,
,FSK,E-40,analog-terr,40,,623250,B,UNKNOWN,,,,,off,,,PAL,25,,,,
,FSK,E-44,analog-terr,44,,655250,I,UNKNOWN,,,,,off,,,PAL,25,,,,
,FSK,E-69,analog-terr,69,,855250,B,UNKNOWN,,,,,off,,,PAL,25,,,,
#,TEST,,,,,,,,,,,,,,,,,,,,
#,TEST,,DTMB,,,xxx[kHz](),single/multi,constant/various,pn420/pn595/pn945,4qam/4qamnr/16qam/32qam/64qam,0.4/0.6/0.8,240/720,on/off,,,,,,,,
#,TEST,[No],[input/standard],,,[Frequency],[Carrier],[PnSequence],[GuardInterfal],[Modulation],[CodeRate],[TimeInterleaver],[LNA],,,[PCR-PID],[VIDEO-PID],[VIDEO-CO],[AUDIO-PID],[AUDIO-CO],[FRAMERATE]
,TEST,1,DTMB,1,,706000,multi,constant,pn595,16qam,0.8,720,on,,,0x0505,0x0501,AVS,0x0502,mpeg-audio,25
,TEST,2,DTMB,2,,866000,multi,various,pn420,64qam,0.6,720,on,,,0x0505,0x0501,AVS,0x0502,mpeg-audio,25
#,TEST,,,,,,,,,,,,,,,,,,,,
#,TEST,,analog-terr,,,xxx[kHz](),,,,,,,on/off,,,ntsc/pal/secam,23.97/24/25/29.97/30/47.94/48/50/59.94/60,,,,
#,TEST,[No],[input/standard],,,[Frequency],[vsystem],[asystem],,,,,[LNA],,,[format],[FRAMERATE],,,,
,TEST,E-2,analog-terr,2,,48250,B,UNKNOWN,,,,,off,,,PAL,25,,,,
,TEST,AN-5,analog-terr,5,,77250,M,BTSC,,,,,off,,,PAL-N,25,,,,
,TEST,US-69,analog-terr,69,,801250,M,BTSC,,,,,off,,,NTSC,29.97,,,,
#,TEST,,,,,,,,,,,,,,,,,,,,
#,TEST,,DVB-S2,,,xxx[kHz](),xxx[sym/sec],,,,,,,,,hex,hex,mpeg2/avc,hex,mpeg-audio/ac3/aac/heaac,23.97/24/25/29.97/30/47.94/48/50/59.94/60
#,TEST,[No],[input/standard],,,[Frequency],[SymbolRate],,,,,,,,,[PCR-PID],[VIDEO-PID],[VIDEO-CO],[AUDIO-PID],[AUDIO-CO],[FRAMERATE]
,TEST,4,DVB-S2,4,,12750000,27500000,,,,,,,,,0x0100,0x0100,mpeg2,0x0110,mpeg-audio,25
#,TEST,,,,,,,,,,,,,,,,,,,,
#,TEST,,DVB-T2,,,xxx[kHz](),8/7/6[MHz},qpsk/16qam/64qam/256qam/bpsk,hex(1byte),,,,on/off,,,hex,hex,mpeg2/avc,hex,mpeg-audio/ac3/aac/heaac,23.97/24/25/29.97/30/47.94/48/50/59.94/60
#,TEST,[No],[input/standard],,,[Frequency],[Bandwidth],[Modulation],[plpid],,,,[LNA],,,[PCR-PID],[VIDEO-PID],[VIDEO-CO],[AUDIO-PID],[AUDIO-CO],[FRAMERATE]
,TEST,5,DVB-T2,5,,858000,8,64qam,0x00,,,,on,,,0x0100,0x0100,mpeg2,0x0110,mpeg-audio,25
#,TEST,,,,,,,,,,,,,,,,,,,,
#,TEST,,ISDB-S,,,xxx[kHz](),hex,,,,,,,,,hex,hex,mpeg2/avc,hex,mpeg-audio/ac3/aac/heaac,23.97/24/25/29.97/30/47.94/48/50/59.94/60
#,TEST,[No],[input/standard],,,[Frequency],[TS-ID],,,,,,,,,[PCR-PID],[VIDEO-PID],[VIDEO-CO],[AUDIO-PID],[AUDIO-CO],[FRAMERATE]
,TEST,6,ISDB-S,6,,1318000,0x40F1,,,,,,,,,0x01FF,0x0100,mpeg2,0x0110,aac,29.97
#,TEST,,,,,,,,,,,,,,,,,,,,
#,TEST,,ISDB-T,,,xxx[kHz](dec),,,,,,,,,,hex,hex,mpeg2/avc,hex,mpeg-audio/ac3/aac/heaac,
#,TEST,[No],[input/standard],,,[frequency],,,,,,,,,,[PCRPID],[VIDEOPID],[VIDEOCODEC],[AUDIOPID],[AUDIOCODEC],[FRAMERATE]
,TEST,7,ISDB-T,7,1,707143,,,,,,,,,,0x0170,0x0230,mpeg2,0x0300,aac,29.97
#,TEST,,,,,,,,,,,,,,,,,,,,
#,TEST,,ATSC,,,xxx[kHz](dec),8vsb|64qam|256qam,,,,,,,,,hex,hex,mpeg2/avc,hex,mpeg-audio/ac3/aac/heaac,
#,TEST,[No],[input/standard],,,[frequency],[Modulation],,,,,,,,,[PCRPID],[VIDEOPID],[VIDEOCODEC],[AUDIOPID],[AUDIOCODEC],[FRAMERATE]
,TEST,8,ATSC,69,1,803000,8vsb,,,,,,,,,0x0031,0x0031,mpeg2,0x0034,AC3,29.97
#,TEST,,,,,,,,,,,,,,,,,,,,
#,TEST,,DVB-T,,,xxx[kHz](),8/7/6[MHz},,,,,,on/off,,,hex,hex,mpeg2/avc,hex,mpeg-audio/ac3/aac/heaac,23.97/24/25/29.97/30/47.94/48/50/59.94/60
#,TEST,[No],[input/standard],,,[Frequency],[Bandwidth],,,,,,[LNA],,,[PCR-PID],[VIDEO-PID],[VIDEO-CO],[AUDIO-PID],[AUDIO-CO],[FRAMERATE]
,TEST,9,DVB-T,9,,858000,8,,,,,,on,,,0x0100,0x0100,mpeg2,0x0110,mpeg-audio,25
#,TEST,,,,,,,,,,,,,,,,,,,,
#,TEST,,DVB-T,,,xxx[kHz](),8/7/6[MHz},,,,,,on/off,,,hex,hex,mpeg2/avc,hex,mpeg-audio/ac3/aac/heaac,23.97/24/25/29.97/30/47.94/48/50/59.94/60
#,TEST,[No],[input/standard],,,[Frequency],[Bandwidth],,,,,,[LNA],,,[PCR-PID],[VIDEO-PID],[VIDEO-CO],[AUDIO-PID],[AUDIO-CO],[FRAMERATE]
,TEST,10,DVB-T,10,,803000,6,,,,,,on,,,0x0100,0x0100,mpeg2,0x0110,mpeg-audio,25
#,SCO,,,,,,,,,,,,,,,,,,,,
#,SCO,,DVB-T,,,xxx[kHz](),8/7/6[MHz},,,,,,on/off,,,hex,hex,mpeg2/avc,hex,mpeg-audio/ac3/aac/heaac,23.97/24/25/29.97/30/47.94/48/50/59.94/60
#,SCO,[No],[input/standard],,,[Frequency],[Bandwidth],,,,,,[LNA],,,[PCR-PID],[VIDEO-PID],[VIDEO-CO],[AUDIO-PID],[AUDIO-CO],[FRAMERATE]
,SCO,1,DVB-T,1,,481832,8,,,,,,on,,,0x0258,0x0258,mpeg2,0x0259,mpeg-audio,25
#,SCO,,,,,,,,,,,,,,,,,,,,
#,SCO,,analog-terr,,,xxx[kHz](),,,,,,,on/off,,,ntsc/pal/secam,23.97/24/25/29.97/30/47.94/48/50/59.94/60,,,,
#,SCO,[No],[input/standard],,,[Frequency],[vsystem],[asystem],,,,,[LNA],,,[format],[FRAMERATE],,,,
,SCO,E-2,analog-terr,2,,48250,B,UNKNOWN,,,,,off,,,PAL,25,,,,
,SCO,CH-2,analog-terr,3,,57750,D,UNKNOWN,,,,,off,,,PAL,25,,,,
,SCO,AS-5A,analog-terr,5,,138250,B,UNKNOWN,,,,,off,,,PAL,25,,,,
,SCO,E-6,analog-terr,6,,182250,B,UNKNOWN,,,,,off,,,PAL,25,,,,
,SCO,CH-10,analog-terr,10,,200250,D,UNKNOWN,,,,,off,,,PAL,25,,,,
,SCO,E-12,analog-terr,12,,224250,B,UNKNOWN,,,,,off,,,PAL,25,,,,
,SCO,S-15,analog-terr,15,,259250,G,UNKNOWN,,,,,off,,,PAL,25,,,,
,SCO,S-21,analog-terr,21,,303250,G,UNKNOWN,,,,,off,,,PAL,25,,,,
,SCO,CH-Z35,analog-terr,35,,440250,D,UNKNOWN,,,,,off,,,PAL,25,,,,
,SCO,UK-23,analog-terr,23,,487250,I,UNKNOWN,,,,,off,,,PAL,25,,,,
,SCO,UK-33,analog-terr,33,,567250,I,UNKNOWN,,,,,off,,,PAL,25,,,,
,SCO,E-35,analog-terr,35,,583250,G,UNKNOWN,,,,,off,,,PAL,25,,,,
,SCO,E-46,analog-terr,46,,671250,G,UNKNOWN,,,,,off,,,PAL,25,,,,
,SCO,E-54,analog-terr,54,,735250,G,UNKNOWN,,,,,off,,,PAL,25,,,,
,SCO,UK-62,analog-terr,62,,799250,I,UNKNOWN,,,,,off,,,PAL,25,,,,
#,SCO,,,,,,,,,,,,,,,,,,,,
#,SCO,,analog-terr,,,xxx[kHz](),,,,,,,on/off,,,ntsc/pal/secam,23.97/24/25/29.97/30/47.94/48/50/59.94/60,,,,
#,SCO,[No],[input/standard],,,[Frequency],[vsystem],[asystem],,,,,[LNA],,,[format],[FRAMERATE],,,,
,SCO,US-2,analog-terr,2,,55250,M,BTSC,,,,,off,,,NTSC,29.97,,,,
,SCO,US-4,analog-terr,4,,67250,M,BTSC,,,,,off,,,NTSC,29.97,,,,
,SCO,AN-5,analog-terr,5,,77250,M,BTSC,,,,,off,,,PAL-N,25,,,,
,SCO,J-2,analog-terr,96,,97250,M,BTSC,,,,,off,,,NTSC,29.97,,,,
,SCO,J-M10,analog-terr,21,,163250,M,BTSC,,,,,off,,,NTSC,29.97,,,,
,SCO,J-5,analog-terr,7,,177250,M,BTSC,,,,,off,,,NTSC,29.97,,,,
,SCO,J-7,analog-terr,9,,189250,M,BTSC,,,,,off,,,NTSC,29.97,,,,
,SCO,J-9,analog-terr,11,,199250,M,BTSC,,,,,off,,,NTSC,29.97,,,,
,SCO,J-11,analog-terr,13,,211250,M,BTSC,,,,,off,,,NTSC,29.97,,,,
,SCO,US-W,analog-terr,36,,296250,M,BTSC,,,,,off,,,NTSC,29.97,,,,
,SCO,US-14,analog-terr,14,,471250,M,BTSC,,,,,off,,,NTSC,29.97,,,,
,SCO,US-27,analog-terr,27,,549250,M,BTSC,,,,,off,,,NTSC,29.97,,,,
,SCO,J-50,analog-terr,51,,693250,M,BTSC,,,,,off,,,NTSC,29.97,,,,
,SCO,US-56,analog-terr,56,,723250,M,BTSC,,,,,off,,,NTSC,29.97,,,,
,SCO,US-58,analog-terr,58,,735250,M,BTSC,,,,,off,,,NTSC,29.97,,,,
,SCO,US-63,analog-terr,63,,765250,M,BTSC,,,,,off,,,NTSC,29.97,,,,
,SCO,US-69,analog-terr,69,,801250,M,BTSC,,,,,off,,,NTSC,29.97,,,,
